roll,pitch,yaw,fsr_1,fsr_2,fsr_3,fsr_4,fsr_5,fsr_6,time_stamp
degree,degree,degree,N,N,N,N,N,N,H:M:S.000
39.41 , 28.66 , 18.01 , 11.00 , 8.00 , 14.00 , 3.00 , -1.00 , 7.00,07:40:45.757
33,07:40:45.773
.10 , 29.69 , 13.59 , 10.00 , 5.00 , 12.00 , 6.00 , -1.00 , 9.00,07:40:45.793
32,07:40:45.806
.40 , 30.20 , 13.09 , 10.00 , 4.00 , 9.00 , 3.00 , -1.00 , 8.00,07:40:45.828
31,07:40:45.843
.80 , 30.71 , 12.54 , 8.00 , 3.00 , 3.00 , 12.00 , 607.00 , 7.00,07:40:45.864
31,07:40:45.879
.37 , 31.20 , 11.89 , 7.00 , 3.00 , 12.00 , 10.00 , 87.00 , 5.00,07:40:45.901
30,07:40:45.914
.76 , 31.76 , 11.15 , 6.00 , 2.00 , 9.00 , 8.00 , 21.00 , 3.00,07:40:45.933
29,07:40:45.948
.49 , 31.80 , 10.48 , 5.00 , 1.00 , 6.00 , 5.00 , 8.00 , 0.00,07:40:45.964
29,07:40:45.978
.44 , 31.67 , 10.30 , 2.00 , 0.00 , 3.00 , 2.00 , 6.00 , 0.00,07:40:45.999
29,07:40:46.012
.28 , 31.77 , 10.26 , 0.00 , 0.00 , 1.00 , 0.00 , 6.00 , 0.00,07:40:46.032
28,07:40:46.045
.73 , 31.20 , 9.55 , 0.00 , 0.00 , 0.00 , 0.00 , 5.00 , 0.00,07:40:46.067
26,07:40:46.086
.80 , 31.76 , 7.81 , 0.00 , 0.00 , 0.00 , 0.00 , 5.00 , 0.00,07:40:46.108
25,07:40:46.123
.22 , 33.34 , 6.15 , 0.00 , 0.00 , 0.00 , 0.00 , 5.00 , 0.00,07:40:46.144
23,07:40:46.159
.95 , 35.52 , 4.67 , 0.00 , 0.00 , 0.00 , 0.00 , 5.00 , 0.00,07:40:46.184
23,07:40:46.196
.01 , 38.17 , 2.93 , 0.00 , 0.00 , 0.00 , 0.00 , 5.00 , 0.00,07:40:46.222
22,07:40:46.247
.45 , 40.01 , 1.99 , 0.00 , 0.00 , 0.00 , 0.00 , 4.00 , 0.00,07:40:46.265
22,07:40:46.296
.52 , 41.27 , 3.30 , 0.00 , 0.00 , 0.00 , 0.00 , 4.00 , 0.00,07:40:46.313
23,07:40:46.328
.76 , 38.35 , 5.24 , 0.00 , 0.00 , 0.00 , 0.00 , 4.00 , 0.00,07:40:46.358
22,07:40:46.369
.92 , 37.30 , 5.24 , 0.00 , 0.00 , 0.00 , 0.00 , 4.00 , 0.00,07:40:46.400
21,07:40:46.412
.75 , 37.64 , 5.35 , 0.00 , 0.00 , 1.00 , 0.00 , 8.00 , 0.00,07:40:46.456
20,07:40:46.465
.56 , 37.93 , 5.36 , 0.00 , 0.00 , 1.00 , 1.00 , 10.00 , 0.00,07:40:46.491
19,07:40:46.502
.35 , 38.22 , 4.93 , 1.00 , 0.00 , 2.00 , 1.00 , 75.00 , 0.00,07:40:46.522
18,07:40:46.535
.74 , 38.23 , 4.55 , 1.00 , 0.00 , 2.00 , 2.00 , 82.00 , 0.00,07:40:46.556
18,07:40:46.571
.08 , 38.25 , 4.21 , 1.00 , 0.00 , 2.00 , 2.00 , 96.00 , 0.00,07:40:46.594
17,07:40:46.609
.23 , 38.36 , 3.92 , 1.00 , 0.00 , 2.00 , 2.00 , 130.00 , 0.00,07:40:46.630
16,07:40:46.645
.47 , 38.47 , 3.59 , 1.00 , 0.00 , 2.00 , 2.00 , 172.00 , 0.00,07:40:46.663
15,07:40:46.672
.98 , 38.48 , 3.28 , 1.00 , 0.00 , 3.00 , 3.00 , 193.00 , 0.00,07:40:46.695
15,07:40:46.711
.45 , 38.45 , 2.93 , 2.00 , 0.00 , 3.00 , 3.00 , 203.00 , 0.00,07:40:46.729
14,07:40:46.748
.76 , 38.49 , 2.63 , 2.00 , 0.00 , 3.00 , 3.00 , 219.00 , 0.00,07:40:46.763
14,07:40:46.776
.08 , 38.61 , 2.40 , 2.00 , 0.00 , 3.00 , 4.00 , 237.00 , 0.00,07:40:46.798
13,07:40:46.812
.42 , 38.69 , 2.18 , 2.00 , 0.00 , 3.00 , 4.00 , 284.00 , 0.00,07:40:46.831
12,07:40:46.846
.78 , 38.69 , 1.92 , 2.00 , 0.00 , 3.00 , 4.00 , 321.00 , 1.00,07:40:46.865
12,07:40:46.877
.20 , 38.69 , 1.69 , 2.00 , 0.00 , 4.00 , 4.00 , 354.00 , 1.00,07:40:46.899
11,07:40:46.912
.52 , 38.75 , 1.48 , 2.00 , 0.00 , 4.00 , 4.00 , 349.00 , 1.00,07:40:46.932
10,07:40:46.952
.89 , 38.80 , 1.26 , 2.00 , 0.00 , 4.00 , 4.00 , 429.00 , 1.00,07:40:46.971
10,07:40:46.986
.33 , 38.83 , 1.00 , 2.00 , 0.00 , 4.00 , 5.00 , 620.00 , 1.00,07:40:47.005
9,07:40:47.020
.85 , 38.78 , 0.80 , 2.00 , 0.00 , 4.00 , 5.00 , 2744.00 , 1.00,07:40:47.048
9,07:40:47.060
.18 , 38.87 , 0.67 , 2.00 , 0.00 , 4.00 , 5.00 , -1.00 , 1.00,07:40:47.080
8,07:40:47.094
.57 , 39.10 , 0.63 , 2.00 , 0.00 , 4.00 , 5.00 , -1.00 , 2.00,07:40:47.119
8,07:40:47.130
.02 , 39.25 , 0.52 , 2.00 , 1.00 , 4.00 , 5.00 , -1.00 , 2.00,07:40:47.150
7,07:40:47.165
.36 , 39.44 , 0.36 , 2.00 , 1.00 , 5.00 , 5.00 , -1.00 , 2.00,07:40:47.185
6,07:40:47.198
.79 , 39.56 , 0.19 , 2.00 , 1.00 , 5.00 , 5.00 , -1.00 , 2.00,07:40:47.222
6,07:40:47.237
.35 , 39.67 , -0.02 , 2.00 , 1.00 , 5.00 , 6.00 , -1.00 , 2.00,07:40:47.259
5,07:40:47.271
.92 , 39.72 , -0.22 , 3.00 , 1.00 , 5.00 , 6.00 , -1.00 , 3.00,07:40:47.295
5,07:40:47.312
.43 , 39.77 , -0.44 , 3.00 , 1.00 , 6.00 , 7.00 , -1.00 , 3.00,07:40:47.334
5,07:40:47.370
.02 , 39.80 , -0.73 , 3.00 , 1.00 , 6.00 , 7.00 , -1.00 , 3.00,07:40:47.382
4,07:40:47.393
.34 , 39.87 , -1.11 , 3.00 , 1.00 , 6.00 , 7.00 , -1.00 , 3.00,07:40:47.417
4,07:40:47.428
.00 , 39.79 , -1.40 , 4.00 , 1.00 , 6.00 , 8.00 , -1.00 , 3.00,07:40:47.449
3,07:40:47.465
.68 , 39.73 , -1.65 , 4.00 , 1.00 , 6.00 , 7.00 , -1.00 , 4.00,07:40:47.487
3,07:40:47.497
.27 , 39.77 , -1.86 , 4.00 , 1.00 , 6.00 , 8.00 , -1.00 , 4.00,07:40:47.521
2,07:40:47.538
.83 , 39.77 , -2.15 , 4.00 , 1.00 , 7.00 , 8.00 , -1.00 , 4.00,07:40:47.557
2,07:40:47.571
.40 , 39.76 , -2.43 , 4.00 , 1.00 , 7.00 , 8.00 , -1.00 , 4.00,07:40:47.592
2,07:40:47.603
.03 , 39.75 , -2.68 , 4.00 , 1.00 , 7.00 , 7.00 , -1.00 , 4.00,07:40:47.627
1,07:40:47.637
.72 , 39.76 , -2.92 , 4.00 , 1.00 , 6.00 , 8.00 , 1553.00 , 4.00,07:40:47.661
1,07:40:47.680
.36 , 39.74 , -3.17 , 4.00 , 1.00 , 7.00 , 8.00 , 1248.00 , 4.00,07:40:47.704
1,07:40:47.720
.04 , 39.65 , -3.47 , 5.00 , 1.00 , 7.00 , 8.00 , 947.00 , 5.00,07:40:47.745
0,07:40:47.755
.79 , 39.61 , -3.73 , 5.00 , 1.00 , 7.00 , 9.00 , -1.00 , 5.00,07:40:47.777
0,07:40:47.796
.45 , 39.59 , -3.98 , 5.00 , 1.00 , 8.00 , 9.00 , 487.00 , 5.00,07:40:47.809
0,07:40:47.826
.20 , 39.52 , -4.20 , 5.00 , 1.00 , 8.00 , 9.00 , 337.00 , 5.00,07:40:47.846
0.08 , 39.44 , -4.49 , 6.00 , 2.00 , 9.00 , 9.00 , 266.00 , 5.00,07:40:47.880
0.37 , 39.49 , -4.72 , 6.00 , 1.00 , 9.00 , 9.00 , 246.00 , 5.00,07:40:47.914
0.83 , 39.62 , -4.91 , 6.00 , 2.00 , 9.00 , 10.00 , 105.00 , 5.00,07:40:47.955
1.22 , 39.61 , -5.17 , 6.00 , 2.00 , 9.00 , 10.00 , 87.00 , 6.00,07:40:47.998
1.54 , 39.55 , -5.37 , 6.00 , 2.00 , 9.00 , 10.00 , 91.00 , 6.00,07:40:48.035
1.95 , 39.53 , -5.58 , 6.00 , 2.00 , 9.00 , 10.00 , 101.00 , 6.00,07:40:48.071
2.21 , 39.47 , -5.84 , 6.00 , 2.00 , 10.00 , 10.00 , 102.00 , 6.00,07:40:48.107
2.47 , 39.38 , -6.13 , 6.00 , 2.00 , 9.00 , 10.00 , 101.00 , 6.00,07:40:48.143
2.60 , 39.25 , -6.42 , 6.00 , 1.00 , 9.00 , 10.00 , 102.00 , 6.00,07:40:48.177
2.85 , 39.18 , -6.63 , 6.00 , 1.00 , 9.00 , 10.00 , 109.00 , 6.00,07:40:48.210
3.20 , 39.18 , -6.84 , 6.00 , 1.00 , 9.00 , 10.00 , 112.00 , 6.00,07:40:48.244
3.45 , 39.10 , -7.05 , 6.00 , 1.00 , 9.00 , 9.00 , 130.00 , 5.00,07:40:48.283
3.55 , 38.91 , -7.30 , 6.00 , 1.00 , 9.00 , 10.00 , 163.00 , 5.00,07:40:48.321
3.61 , 38.66 , -7.56 , 6.00 , 1.00 , 9.00 , 10.00 , 201.00 , 5.00,07:40:48.364
3.99 , 38.61 , -7.80 , 6.00 , 1.00 , 9.00 , 10.00 , 231.00 , 5.00,07:40:48.400
4.54 , 38.74 , -7.94 , 6.00 , 1.00 , 8.00 , 9.00 , 284.00 , 5.00,07:40:48.438
4.85 , 38.77 , -8.11 , 6.00 , 1.00 , 8.00 , 9.00 , 325.00 , 5.00,07:40:48.471
5.11 , 38.74 , -8.26 , 6.00 , 1.00 , 8.00 , 9.00 , 332.00 , 5.00,07:40:48.506
5.42 , 38.69 , -8.41 , 6.00 , 1.00 , 8.00 , 9.00 , 449.00 , 5.00,07:40:48.541
5.81 , 38.76 , -8.51 , 5.00 , 1.00 , 8.00 , 9.00 , 691.00 , 5.00,07:40:48.580
6.22 , 38.93 , -8.68 , 5.00 , 1.00 , 8.00 , 9.00 , 779.00 , 5.00,07:40:48.615
6.64 , 39.01 , -8.81 , 5.00 , 1.00 , 8.00 , 9.00 , 760.00 , 5.00,07:40:48.651
7.12 , 39.15 , -8.98 , 4.00 , 1.00 , 7.00 , 8.00 , 843.00 , 4.00,07:40:48.684
7.51 , 39.23 , -9.17 , 4.00 , 1.00 , 6.00 , 8.00 , 1415.00 , 4.00,07:40:48.724
7.65 , 39.10 , -9.40 , 3.00 , 1.00 , 6.00 , 8.00 , 2530.00 , 4.00,07:40:48.758
7.54 , 38.89 , -9.93 , 3.00 , 1.00 , 6.00 , 7.00 , -1.00 , 3.00,07:40:48.803
7.30 , 38.98 , -11.20 , 2.00 , 0.00 , 4.00 , 6.00 , 976.00 , 2.00,07:40:48.838
6.35 , 37.89 , -12.27 , 1.00 , 0.00 , 2.00 , 1.00 , 303.00 , 0.00,07:40:48.903
1.74 , 35.51 , -7.49 , 0.00 , 0.00 , 0.00 , 0.00 , 5.00 , 0.00,07:40:48.939
1.07 , 34.81 , -7.05 , 0.00 , 0.00 , 0.00 , 0.00 , 5.00 , 0.00,07:40:48.986
2.78 , 36.47 , -9.61 , 0.00 , 0.00 , 0.00 , 0.00 , 6.00 , 0.00,07:40:49.022
5.29 , 38.09 , -12.81 , 0.00 , 0.00 , 0.00 , 0.00 , 5.00 , 0.00,07:40:49.072
8.71 , 39.37 , -17.15 , 0.00 , 0.00 , 0.00 , 0.00 , 5.00 , 0.00,07:40:49.104
12.18 , 40.56 , -21.46 , 0.00 , 0.00 , 0.00 , 0.00 , 4.00 , 0.00,07:40:49.143
14.42 , 41.49 , -24.04 , 0.00 , 0.00 , 0.00 , 0.00 , 3.00 , 0.00,07:40:49.206
16.70 , 43.35 , -25.73 , 0.00 , 0.00 , 0.00 , 0.00 , 2.00 , 0.00,07:40:49.247
21.29 , 42.69 , -30.09 , 0.00 , 0.00 , 0.00 , 0.00 , 2.00 , 0.00,07:40:49.286
25.25 , 42.91 , -33.42 , 0.00 , 0.00 , 0.00 , 0.00 , 2.00 , 0.00,07:40:49.340
32.03 , 41.74 , -40.95 , 0.00 , 0.00 , 0.00 , 0.00 , 2.00 , 0.00,07:40:49.381
31.36 , 42.00 , -42.92 , 0.00 , 0.00 , 0.00 , 0.00 , 2.00 , 0.00,07:40:49.417
26.84 , 48.37 , -35.03 , 0.00 , 0.00 , 0.00 , 0.00 , 6.00 , 0.00,07:40:49.453
16.13 , 46.33 , -23.99 , 0.00 , 0.00 , 0.00 , 0.00 , -1.00 , 0.00,07:40:49.490
4.91 , 45.34 , -15.38 , 0.00 , 0.00 , 0.00 , 0.00 , -1.00 , 0.00,07:40:49.529
2.15 , 43.50 , -14.52 , 1.00 , 0.00 , 1.00 , 2.00 , -1.00 , 0.00,07:40:49.569
2.73 , 43.33 , -14.31 , 2.00 , 1.00 , 4.00 , 5.00 , -1.00 , 0.00,07:40:49.604
3.35 , 43.53 , -14.48 , 1.00 , 2.00 , 5.00 , 6.00 , -1.00 , 0.00,07:40:49.644
3.31 , 43.15 , -14.78 , 1.00 , 3.00 , 7.00 , 8.00 , -1.00 , 2.00,07:40:49.677
3.14 , 42.16 , -14.86 , 2.00 , 3.00 , 10.00 , 10.00 , -1.00 , 4.00,07:40:49.712
2.90 , 41.43 , -14.90 , 3.00 , 4.00 , 11.00 , 1.00 , -1.00 , 5.00,07:40:49.747
1.85 , 40.48 , -15.05 , 5.00 , 4.00 , 6.00 , 7.00 , -1.00 , 8.00,07:40:49.782
1.31 , 40.02 , -15.21 , 6.00 , 5.00 , 16.00 , 10.00 , 800.00 , 9.00,07:40:49.822
1.29 , 40.00 , -15.39 , 7.00 , 6.00 , 26.00 , 18.00 , 119.00 , 10.00,07:40:49.854
0.92 , 39.67 , -15.50 , 8.00 , 7.00 , 35.00 , 26.00 , 21.00 , 1.00,07:40:49.889
0,07:40:49.900
.16 , 40.01 , -15.24 , 10.00 , 9.00 , 51.00 , 35.00 , 11.00 , 6.00,07:40:49.922
1,07:40:49.935
.77 , 39.44 , -14.25 , 11.00 , 0.00 , 75.00 , 48.00 , 8.00 , 10.00,07:40:49.962
4,07:40:49.977
.34 , 38.65 , -11.87 , 6.00 , 11.00 , 89.00 , 62.00 , 5.00 , 14.00,07:40:49.997
8,07:40:50.008
.18 , 37.72 , -8.15 , 21.00 , 25.00 , 112.00 , 70.00 , 3.00 , 9.00,07:40:50.031
12,07:40:50.046
.96 , 38.45 , -3.30 , 25.00 , 35.00 , 119.00 , 61.00 , 3.00 , 9.00,07:40:50.068
20,07:40:50.083
.52 , 36.42 , 5.54 , 26.00 , 45.00 , 93.00 , 14.00 , 2.00 , 5.00,07:40:50.101
27,07:40:50.114
.85 , 30.43 , 15.59 , 24.00 , 2.00 , 18.00 , 6.00 , 2.00 , 2.00,07:40:50.135
37,07:40:50.148
.77 , 21.44 , 26.73 , 11.00 , 3.00 , 8.00 , 3.00 , 2.00 , 0.00,07:40:50.169
44,07:40:50.185
.60 , 15.09 , 39.91 , 4.00 , 1.00 , 3.00 , 1.00 , 1.00 , 0.00,07:40:50.207
39,07:40:50.219
.18 , 5.35 , 45.69 , 0.00 , 0.00 , 0.00 , 0.00 , 3.00 , 0.00,07:40:50.243
37,07:40:50.268
.91 , 9.03 , 40.09 , 0.00 , 0.00 , 0.00 , 0.00 , 2.00 , 0.00,07:40:50.291
33,07:40:50.304
.58 , 16.81 , 30.51 , 0.00 , 0.00 , 0.00 , 0.00 , 1.00 , 0.00,07:40:50.328
27,07:40:50.339
.31 , 21.85 , 20.26 , 0.00 , 0.00 , 0.00 , 0.00 , 2.00 , 0.00,07:40:50.362
18,07:40:50.385
.26 , 26.49 , 8.38 , 0.00 , 0.00 , 0.00 , 0.00 , 1.00 , 0.00,07:40:50.398
7,07:40:50.413
.72 , 30.56 , -3.79 , 0.00 , 0.00 , 0.00 , 0.00 , 1.00 , 0.00,07:40:50.435
2.12 , 33.26 , -15.12 , 0.00 , 0.00 , 0.00 , 0.00 , 1.00 , 0.00,07:40:50.471
13.59 , 32.75 , -30.39 , 0.00 , 0.00 , 0.00 , 0.00 , 1.00 , 0.00,07:40:50.509
25.87 , 32.48 , -42.16 , 0.00 , 0.00 , 0.00 , 0.00 , 1.00 , 0.00,07:40:50.545
32.38 , 29.17 , -48.65 , 0.00 , 0.00 , 0.00 , 0.00 , 1.00 , 0.00,07:40:50.587
35.32 , 27.89 , -51.85 , 0.00 , 0.00 , 0.00 , 0.00 , 1.00 , 0.00,07:40:50.624
25.60 , 33.39 , -38.94 , 0.00 , 0.00 , 0.00 , 0.00 , 9.00 , 0.00,07:40:50.665
15.09 , 34.40 , -26.74 , 0.00 , 0.00 , 0.00 , 0.00 , -1.00 , 0.00,07:40:50.701
8.94 , 33.38 , -19.53 , 0.00 , 0.00 , 0.00 , 0.00 , -1.00 , 0.00,07:40:50.740
5.87 , 31.31 , -18.52 , 1.00 , 0.00 , 0.00 , 0.00 , -1.00 , 0.00,07:40:50.772
4.99 , 31.50 , -18.67 , 2.00 , 1.00 , 3.00 , 4.00 , -1.00 , 0.00,07:40:50.816
4.80 , 31.14 , -18.19 , 3.00 , 3.00 , 7.00 , 8.00 , -1.00 , 2.00,07:40:50.851
4.36 , 30.96 , -18.09 , 4.00 , 5.00 , 1.00 , 12.00 , -1.00 , 5.00,07:40:50.893
4.34 , 30.83 , -17.92 , 6.00 , 5.00 , 13.00 , 8.00 , -1.00 , 8.00,07:40:50.928
4.45 , 30.53 , -17.77 , 6.00 , 6.00 , 26.00 , 18.00 , 37.00 , 11.00,07:40:50.963
2.95 , 31.58 , -17.85 , 7.00 , 7.00 , 40.00 , 28.00 , 10.00 , 4.00,07:40:51.008
1.31 , 31.29 , -16.98 , 9.00 , 8.00 , 53.00 , 38.00 , 6.00 , 9.00,07:40:51.040
0.12 , 31.63 , -16.22 , 9.00 , 8.00 , 68.00 , 47.00 , 5.00 , 12.00,07:40:51.078
1,07:40:51.108
.91 , 30.86 , -14.56 , 11.00 , 10.00 , 77.00 , 59.00 , 4.00 , 16.00,07:40:51.130
4,07:40:51.140
.94 , 28.76 , -11.16 , 4.00 , 6.00 , 160.00 , 75.00 , 3.00 , 18.00,07:40:51.160
7,07:40:51.174
.12 , 27.95 , -8.36 , 13.00 , 16.00 , 132.00 , 79.00 , 2.00 , 11.00,07:40:51.194
10,07:40:51.212
.21 , 29.26 , -4.23 , 24.00 , 23.00 , 137.00 , 69.00 , 2.00 , 11.00,07:40:51.232
15,07:40:51.244
.80 , 27.87 , 4.15 , 24.00 , 46.00 , 121.00 , 27.00 , 3.00 , 6.00,07:40:51.264
21,07:40:51.277
.49 , 23.15 , 13.59 , 28.00 , 3.00 , 49.00 , 8.00 , 2.00 , 4.00,07:40:51.304
31,07:40:51.316
.38 , 17.90 , 26.36 , 2.00 , 3.00 , 9.00 , 5.00 , 2.00 , 2.00,07:40:51.339
39,07:40:51.357
.83 , 13.30 , 43.54 , 5.00 , 0.00 , 4.00 , 1.00 , 1.00 , 0.00,07:40:51.373
32,07:40:51.391
.91 , 6.23 , 45.27 , 0.00 , 0.00 , 0.00 , 0.00 , 5.00 , 0.00,07:40:51.417
30,07:40:51.429
.56 , 7.75 , 36.98 , 0.00 , 0.00 , 0.00 , 0.00 , 2.00 , 0.00,07:40:51.450
26,07:40:51.465
.09 , 10.83 , 29.42 , 0.00 , 0.00 , 0.00 , 0.00 , 2.00 , 0.00,07:40:51.486
20,07:40:51.508
.41 , 14.51 , 20.27 , 0.00 , 0.00 , 0.00 , 0.00 , 2.00 , 0.00,07:40:51.524
12,07:40:51.538
.14 , 19.22 , 7.03 , 0.00 , 0.00 , 0.00 , 0.00 , 2.00 , 0.00,07:40:51.559
2,07:40:51.572
.82 , 21.01 , -4.88 , 0.00 , 0.00 , 0.00 , 0.00 , 2.00 , 0.00,07:40:51.595
7.26 , 24.36 , -14.42 , 0.00 , 0.00 , 0.00 , 0.00 , 2.00 , 0.00,07:40:51.643
20.29 , 22.64 , -31.94 , 1.00 , 0.00 , 0.00 , 0.00 , 2.00 , 0.00,07:40:51.683
29.60 , 19.91 , -42.72 , 1.00 , 0.00 , 0.00 , 0.00 , 1.00 , 0.00,07:40:51.717
34.45 , 16.19 , -49.20 , 1.00 , 0.00 , 0.00 , 0.00 , 1.00 , 0.00,07:40:51.755
35.65 , 16.24 , -53.35 , 2.00 , 0.00 , 0.00 , 0.00 , 2.00 , 0.00,07:40:51.797
26.75 , 39.94 , -48.42 , 2.00 , 0.00 , 0.00 , 0.00 , 1.00 , 0.00,07:40:51.837
10.59 , 41.97 , -32.02 , 1.00 , 0.00 , 0.00 , 0.00 , -1.00 , 0.00,07:40:51.873
0,07:40:51.888
.18 , 41.52 , -20.74 , 2.00 , 0.00 , 0.00 , 0.00 , -1.00 , 0.00,07:40:51.909
2,07:40:51.927
.99 , 39.03 , -20.41 , 3.00 , 0.00 , 0.00 , 0.00 , -1.00 , 0.00,07:40:51.944
3,07:40:51.955
.19 , 39.05 , -20.73 , 4.00 , 1.00 , 2.00 , 3.00 , -1.00 , 0.00,07:40:51.976
2,07:40:51.988
.80 , 38.94 , -20.96 , 4.00 , 2.00 , 5.00 , 5.00 , -1.00 , 1.00,07:40:52.011
3,07:40:52.035
.20 , 38.61 , -21.30 , 4.00 , 3.00 , 8.00 , 7.00 , -1.00 , 1.00,07:40:52.065
3,07:40:52.078
.49 , 37.90 , -21.32 , 6.00 , 5.00 , 2.00 , 11.00 , -1.00 , 4.00,07:40:52.096
3,07:40:52.107
.62 , 37.58 , -21.30 , 7.00 , 7.00 , 18.00 , 7.00 , 153.00 , 7.00,07:40:52.135
3,07:40:52.151
.73 , 37.25 , -21.57 , 8.00 , 9.00 , 28.00 , 13.00 , 13.00 , 9.00,07:40:52.166
4,07:40:52.178
.52 , 36.53 , -21.62 , 8.00 , 10.00 , 39.00 , 20.00 , 10.00 , 10.00,07:40:52.204
5,07:40:52.223
.73 , 35.67 , -21.20 , 10.00 , 1.00 , 52.00 , 28.00 , 9.00 , 12.00,07:40:52.245
7,07:40:52.255
.04 , 35.47 , -20.36 , 11.00 , 6.00 , 67.00 , 39.00 , 7.00 , 3.00,07:40:52.276
8,07:40:52.291
.79 , 35.28 , -18.68 , 8.00 , 15.00 , 85.00 , 54.00 , 5.00 , 8.00,07:40:52.309
11,07:40:52.326
.23 , 34.40 , -16.06 , 17.00 , 30.00 , 88.00 , 68.00 , 3.00 , 10.00,07:40:52.345
14,07:40:52.357
.13 , 32.19 , -12.57 , 29.00 , 29.00 , 209.00 , 69.00 , 3.00 , 0.00,07:40:52.378
18,07:40:52.390
.24 , 32.86 , -7.02 , 40.00 , 47.00 , 130.00 , 58.00 , 3.00 , 7.00,07:40:52.410
23,07:40:52.421
.11 , 30.58 , 0.45 , 32.00 , 39.00 , 104.00 , 7.00 , 3.00 , 4.00,07:40:52.447
31,07:40:52.459
.36 , 24.11 , 11.28 , 10.00 , 8.00 , 7.00 , 6.00 , 2.00 , 2.00,07:40:52.480
39,07:40:52.491
.73 , 16.05 , 21.85 , 7.00 , 2.00 , 6.00 , 3.00 , 2.00 , 1.00,07:40:52.513
46,07:40:52.528
.46 , 12.17 , 37.85 , 1.00 , 0.00 , 2.00 , 1.00 , 1.00 , 0.00,07:40:52.546
44,07:40:52.564
.63 , 14.80 , 41.16 , 0.00 , 0.00 , 0.00 , 0.00 , 4.00 , 0.00,07:40:52.586
44,07:40:52.599
.57 , 19.47 , 34.46 , 0.00 , 0.00 , 0.00 , 0.00 , 2.00 , 0.00,07:40:52.626
42,07:40:52.644
.36 , 23.94 , 28.71 , 0.00 , 0.00 , 0.00 , 0.00 , 2.00 , 0.00,07:40:52.662
32,07:40:52.678
.65 , 29.77 , 18.00 , 0.00 , 0.00 , 0.00 , 0.00 , 2.00 , 0.00,07:40:52.704
20,07:40:52.718
.49 , 33.80 , 4.80 , 0.00 , 0.00 , 0.00 , 0.00 , 2.00 , 0.00,07:40:52.737
6,07:40:52.753
.21 , 36.97 , -9.75 , 0.00 , 0.00 , 0.00 , 0.00 , 2.00 , 0.00,07:40:52.775
6.66 , 40.05 , -22.82 , 0.00 , 0.00 , 0.00 , 0.00 , 1.00 , 0.00,07:40:52.814
16.28 , 37.24 , -37.92 , 0.00 , 0.00 , 0.00 , 0.00 , 1.00 , 0.00,07:40:52.851
26.86 , 35.29 , -49.69 , 0.00 , 0.00 , 0.00 , 0.00 , 1.00 , 0.00,07:40:52.890
34.55 , 33.48 , -55.21 , 0.00 , 0.00 , 0.00 , 0.00 , 1.00 , 0.00,07:40:52.926
39.46 , 31.34 , -58.85 , 0.00 , 0.00 , 0.00 , 0.00 , 1.00 , 0.00,07:40:52.965
40.78 , 30.77 , -61.79 , 0.00 , 0.00 , 0.00 , 0.00 , 1.00 , 0.00,07:40:53.001
39.77 , 37.35 , -52.26 , 0.00 , 0.00 , 0.00 , 0.00 , 5.00 , 0.00,07:40:53.038
37.61 , 41.49 , -41.23 , 0.00 , 0.00 , 0.00 , 0.00 , -1.00 , 0.00,07:40:53.076
24.10 , 44.60 , -28.96 , 0.00 , 0.00 , 0.00 , 0.00 , -1.00 , 0.00,07:40:53.115
17.32 , 41.51 , -26.04 , 0.00 , 0.00 , 1.00 , 1.00 , -1.00 , 0.00,07:40:53.148
16.60 , 41.04 , -26.40 , 0.00 , 2.00 , 5.00 , 5.00 , -1.00 , 1.00,07:40:53.181
17.01 , 40.93 , -26.24 , 1.00 , 2.00 , 7.00 , 7.00 , -1.00 , 2.00,07:40:53.216
16.59 , 40.85 , -26.52 , 1.00 , 3.00 , 9.00 , 8.00 , -1.00 , 4.00,07:40:53.254
15.24 , 39.94 , -26.41 , 2.00 , 4.00 , 0.00 , 10.00 , -1.00 , 4.00,07:40:53.288
14.73 , 39.20 , -26.12 , 4.00 , 5.00 , 6.00 , 11.00 , -1.00 , 5.00,07:40:53.323
14.23 , 38.55 , -25.89 , 5.00 , 6.00 , 10.00 , 12.00 , -1.00 , 6.00,07:40:53.359
13.29 , 37.77 , -25.72 , 5.00 , 7.00 , 14.00 , 1.00 , -1.00 , 6.00,07:40:53.390
12.62 , 37.36 , -25.62 , 7.00 , 9.00 , 19.00 , 3.00 , -1.00 , 7.00,07:40:53.423
12.42 , 37.19 , -25.61 , 7.00 , 10.00 , 22.00 , 5.00 , -1.00 , 7.00,07:40:53.461
12.25 , 37.02 , -25.69 , 7.00 , 12.00 , 26.00 , 10.00 , -1.00 , 8.00,07:40:53.502
12.06 , 36.93 , -25.73 , 7.00 , 3.00 , 29.00 , 8.00 , -1.00 , 8.00,07:40:53.534
12.09 , 36.88 , -25.76 , 8.00 , 2.00 , 42.00 , 10.00 , -1.00 , 9.00,07:40:53.568
12.13 , 36.76 , -25.81 , 8.00 , 8.00 , 40.00 , 14.00 , -1.00 , 9.00,07:40:53.602
12.00 , 36.65 , -25.94 , 9.00 , 8.00 , 41.00 , 14.00 , -1.00 , 9.00,07:40:53.641
12.00 , 36.52 , -25.96 , 8.00 , 12.00 , 39.00 , 16.00 , -1.00 , 10.00,07:40:53.682
12.22 , 36.44 , -25.91 , 9.00 , 9.00 , 46.00 , 18.00 , 1008.00 , 11.00,07:40:53.716
12.41 , 36.36 , -25.95 , 9.00 , 2.00 , 48.00 , 19.00 , 561.00 , 11.00,07:40:53.747
12.45 , 36.25 , -26.03 , 10.00 , 1.00 , 46.00 , 20.00 , 332.00 , 11.00,07:40:53.783
12.42 , 36.10 , -26.05 , 9.00 , 11.00 , 40.00 , 16.00 , 104.00 , 11.00,07:40:53.815
12.54 , 35.95 , -26.06 , 8.00 , 11.00 , 39.00 , 18.00 , 45.00 , 10.00,07:40:53.848
12.73 , 35.86 , -26.12 , 8.00 , 8.00 , 34.00 , 17.00 , 29.00 , 10.00,07:40:53.895
12.73 , 35.72 , -26.10 , 7.00 , 6.00 , 28.00 , 15.00 , 35.00 , 10.00,07:40:53.927
12.80 , 35.62 , -26.21 , 7.00 , 6.00 , 26.00 , 14.00 , 48.00 , 10.00,07:40:53.964
12.90 , 35.49 , -26.29 , 6.00 , 5.00 , 20.00 , 11.00 , 70.00 , 9.00,07:40:54.000
12.93 , 35.37 , -26.34 , 5.00 , 4.00 , 15.00 , 8.00 , 117.00 , 8.00,07:40:54.038
13.02 , 35.36 , -26.42 , 5.00 , 4.00 , 14.00 , 7.00 , 135.00 , 8.00,07:40:54.081
13.11 , 35.30 , -26.49 , 5.00 , 4.00 , 11.00 , 5.00 , 158.00 , 8.00,07:40:54.114
13.12 , 35.21 , -26.57 , 5.00 , 3.00 , 7.00 , 2.00 , 275.00 , 7.00,07:40:54.150
13.16 , 35.18 , -26.68 , 5.00 , 3.00 , 5.00 , 0.00 , 345.00 , 7.00,07:40:54.185
13.28 , 35.17 , -26.78 , 4.00 , 3.00 , 1.00 , 11.00 , 429.00 , 6.00,07:40:54.223
13.42 , 35.13 , -26.86 , 4.00 , 3.00 , 0.00 , 10.00 , 513.00 , 6.00,07:40:54.255
13.34 , 35.15 , -26.96 , 5.00 , 3.00 , 2.00 , 11.00 , 620.00 , 6.00,07:40:54.289
13.42 , 35.15 , -27.08 , 5.00 , 3.00 , 2.00 , 11.00 , 471.00 , 6.00,07:40:54.324
13.45 , 35.12 , -27.17 , 5.00 , 3.00 , 2.00 , 11.00 , 479.00 , 6.00,07:40:54.360
13.41 , 35.12 , -27.21 , 5.00 , 3.00 , 2.00 , 11.00 , 383.00 , 6.00,07:40:54.397
13.50 , 35.14 , -27.29 , 5.00 , 3.00 , 1.00 , 11.00 , 239.00 , 6.00,07:40:54.430
13.63 , 35.15 , -27.36 , 5.00 , 3.00 , 3.00 , 11.00 , 150.00 , 6.00,07:40:54.472
13.72 , 35.12 , -27.44 , 5.00 , 3.00 , 1.00 , 11.00 , 221.00 , 6.00,07:40:54.514
13.82 , 35.13 , -27.54 , 4.00 , 3.00 , 12.00 , 10.00 , 269.00 , 6.00,07:40:55.082
14.89 , 35.06 , -27.96 , 3.00 , 2.00 , 7.00 , 7.00 , 1116.00 , 3.00,07:40:55.119
14.92 , 35.06 , -27.99 , 3.00 , 2.00 , 8.00 , 8.00 , 1300.00 , 3.00,07:40:55.152
14.98 , 35.05 , -28.03 , 3.00 , 2.00 , 8.00 , 8.00 , 1415.00 , 4.00,07:40:56.753
12,07:40:56.766
.81 , 18.70 , -11.03 , 7.00 , 5.00 , 7.00 , 9.00 , -1.00 , 3.00,07:40:56.793
12,07:40:56.808
.51 , 18.92 , -11.16 , 7.00 , 5.00 , 8.00 , 10.00 , -1.00 , 5.00,07:40:56.837
12,07:40:56.850
.36 , 18.90 , -11.41 , 7.00 , 5.00 , 9.00 , 10.00 , -1.00 , 6.00,07:40:56.869
11,07:40:56.882
.83 , 19.11 , -11.51 , 7.00 , 4.00 , 9.00 , 11.00 , -1.00 , 7.00,07:40:56.903
11,07:40:56.913
.37 , 19.31 , -11.60 , 7.00 , 4.00 , 8.00 , 11.00 , -1.00 , 7.00,07:40:56.937
11,07:40:56.947
.00 , 19.48 , -11.76 , 7.00 , 3.00 , 8.00 , 11.00 , -1.00 , 7.00,07:40:56.967
10,07:40:56.981
.51 , 19.66 , -11.87 , 6.00 , 2.00 , 7.00 , 11.00 , -1.00 , 7.00,07:40:57.000
10,07:40:57.015
.19 , 20.23 , -12.06 , 6.00 , 2.00 , 6.00 , 10.00 , -1.00 , 7.00,07:40:57.036
9,07:40:57.355
.76 , 20.65 , -12.33 , 4.00 , 1.00 , 4.00 , 8.00 , -1.00 , 6.00,07:40:57.381
0.58 , 7.69 , -17.90 , 0.00 , 0.00 , 0.00 , 0.00 , 91.00 , 0.00,07:40:57.417
12.66 , 2.87 , -15.49 , 0.00 , 0.00 , 0.00 , 0.00 , 5.00 , 0.00,07:40:57.456
21.56 , -4.77 , -9.31 , 2.00 , 0.00 , 0.00 , 0.00 , 4.00 , 0.00,07:40:57.490
28.25 , -5.05 , -3.22 , 3.00 , 0.00 , 0.00 , 0.00 , 4.00 , 0.00,07:40:58.904
7.11 , 41.71 , 29.70 , 0.00 , 0.00 , 0.00 , 0.00 , 2.00 , 0.00,07:40:58.939
10.57 , 40.83 , 25.95 , 0.00 , 0.00 , 0.00 , 0.00 , 3.00 , 0.00,07:40:58.977
11.94 , 41.44 , 23.52 , 0.00 , 0.00 , 0.00 , 0.00 , 2.00 , 0.00,07:40:59.017
11.06 , 41.72 , 22.34 , 0.00 , 0.00 , 0.00 , 0.00 , 2.00 , 0.00,07:40:59.053
1,07:40:59.063
.42 , 41.79 , 32.86 , 0.00 , 0.00 , 0.00 , 0.00 , 17.00 , 0.00,07:40:59.085
8,07:40:59.102
.99 , 36.04 , 42.03 , 0.00 , 0.00 , 0.00 , 0.00 , -1.00 , 0.00,07:40:59.124
9,07:40:59.144
.50 , 36.08 , 40.59 , 2.00 , 0.00 , 1.00 , 1.00 , -1.00 , 0.00,07:40:59.156
9,07:40:59.167
.48 , 35.34 , 40.49 , 3.00 , 2.00 , 4.00 , 4.00 , -1.00 , 0.00,07:40:59.189
9,07:40:59.202
.07 , 35.28 , 40.31 , 4.00 , 3.00 , 6.00 , 6.00 , -1.00 , 0.00,07:40:59.224
8,07:40:59.240
.59 , 35.04 , 40.17 , 5.00 , 4.00 , 8.00 , 7.00 , -1.00 , 1.00,07:40:59.260
8,07:40:59.271
.25 , 34.60 , 40.05 , 5.00 , 5.00 , 9.00 , 8.00 , -1.00 , 1.00,07:40:59.291
8,07:40:59.302
.04 , 34.42 , 40.05 , 6.00 , 5.00 , 11.00 , 10.00 , -1.00 , 3.00,07:40:59.324
7,07:40:59.336
.73 , 34.54 , 40.14 , 7.00 , 6.00 , 6.00 , 0.00 , -1.00 , 5.00,07:40:59.356
7,07:40:59.371
.57 , 34.72 , 40.12 , 8.00 , 6.00 , 14.00 , 6.00 , 284.00 , 7.00,07:40:59.395
7,07:40:59.409
.85 , 34.79 , 39.80 , 9.00 , 7.00 , 27.00 , 14.00 , 31.00 , 9.00,07:40:59.430
8,07:40:59.448
.36 , 34.94 , 39.73 , 10.00 , 9.00 , 40.00 , 20.00 , 12.00 , 10.00,07:40:59.465
9,07:40:59.474
.36 , 34.57 , 40.34 , 11.00 , 11.00 , 52.00 , 28.00 , 9.00 , 12.00,07:40:59.501
10,07:40:59.511
.76 , 34.26 , 41.69 , 3.00 , 7.00 , 75.00 , 45.00 , 6.00 , 4.00,07:40:59.534
12,07:40:59.547
.84 , 33.43 , 43.97 , 9.00 , 20.00 , 104.00 , 55.00 , 3.00 , 7.00,07:40:59.568
15,07:40:59.580
.73 , 31.88 , 47.52 , 24.00 , 35.00 , 125.00 , 57.00 , 3.00 , 11.00,07:40:59.605
20,07:40:59.616
.51 , 32.65 , 53.28 , 35.00 , 49.00 , 133.00 , 35.00 , 3.00 , 6.00,07:40:59.635
25,07:40:59.648
.61 , 30.14 , 60.24 , 37.00 , 39.00 , 91.00 , 0.00 , 2.00 , 4.00,07:40:59.668
34,07:40:59.679
.37 , 23.59 , 70.89 , 28.00 , 9.00 , 10.00 , 6.00 , 2.00 , 2.00,07:40:59.700
42,07:40:59.711
.93 , 13.26 , 81.09 , 11.00 , 2.00 , 7.00 , 3.00 , 2.00 , 0.00,07:40:59.731
48,07:40:59.741
.83 , 5.88 , 92.18 , 5.00 , 0.00 , 3.00 , 1.00 , 1.00 , 0.00,07:40:59.765
45,07:40:59.780
.74 , 1.27 , 96.59 , 0.00 , 0.00 , 0.00 , 0.00 , 3.00 , 0.00,07:40:59.803
42,07:40:59.818
.70 , 5.72 , 91.79 , 0.00 , 0.00 , 0.00 , 0.00 , 2.00 , 0.00,07:40:59.839
39,07:41:01.036
.80 , 12.63 , 84.27 , 0.00 , 0.00 , 0.00 , 0.00 , 1.00 , 0.00,07:41:01.057
67.65 , -15.56 , -41.64 , 0.00 , 0.00 , 0.00 , 0.00 , 1.00 , 0.00,07:41:01.095
69.43 , -23.24 , -46.84 , 1.00 , 0.00 , 0.00 , 0.00 , 1.00 , 0.00,07:41:01.135
71.18 , -32.65 , -53.54 , 2.00 , 0.00 , 0.00 , 0.00 , 1.00 , 0.00,07:41:01.171
72.55 , -40.19 , -61.38 , 2.00 , 0.00 , 0.00 , 0.00 , 1.00 , 0.00,07:41:01.208
71.41 , -45.50 , -66.56 , 2.00 , 0.00 , 0.00 , 0.00 , 1.00 , 0.00,07:41:01.247
68.92 , -47.79 , -69.53 , 4.00 , 0.00 , 0.00 , 0.00 , 1.00 , 0.00,07:41:01.280
73.73 , -38.94 , -59.68 , 3.00 , 0.00 , 0.00 , 0.00 , 7.00 , 0.00,07:41:01.321
76.64 , -29.32 , -49.35 , 3.00 , 0.00 , 0.00 , 0.00 , -1.00 , 0.00,07:41:01.354
70.48 , -27.72 , -47.84 , 6.00 , 0.00 , 0.00 , 0.00 , -1.00 , 0.00,07:41:01.391
69.79 , -27.26 , -46.23 , 10.00 , 0.00 , 3.00 , 4.00 , -1.00 , 0.00,07:41:01.426
67.18 , -26.73 , -46.95 , 4.00 , 7.00 , 11.00 , 9.00 , -1.00 , 4.00,07:41:01.478
65.31 , -26.66 , -45.26 , 37.00 , 24.00 , 12.00 , 11.00 , -1.00 , 6.00,07:41:01.517
64.27 , -25.83 , -45.34 , 43.00 , 27.00 , 21.00 , 2.00 , 275.00 , 7.00,07:41:01.554
63.28 , -24.93 , -45.68 , 52.00 , 39.00 , 30.00 , 5.00 , 10.00 , 7.00,07:41:01.589
61.93 , -23.25 , -45.77 , 40.00 , 41.00 , 38.00 , 9.00 , 10.00 , 7.00,07:41:01.622
60.40 , -21.34 , -46.24 , 51.00 , 42.00 , 45.00 , 10.00 , 6.00 , 7.00,07:41:01.656
59.17 , -19.76 , -46.18 , 29.00 , 42.00 , 50.00 , 11.00 , 4.00 , 6.00,07:41:01.690
58.14 , -18.39 , -45.78 , 36.00 , 46.00 , 65.00 , 13.00 , 3.00 , 6.00,07:41:01.729
56.89 , -16.62 , -45.53 , 30.00 , 53.00 , 70.00 , 16.00 , 2.00 , 6.00,07:41:01.771
55.81 , -14.89 , -45.25 , 43.00 , 64.00 , 80.00 , 20.00 , 2.00 , 6.00,07:41:01.811
54.52 , -11.91 , -43.38 , 48.00 , 75.00 , 95.00 , 20.00 , 2.00 , 5.00,07:41:01.850
52.71 , -7.21 , -40.15 , 57.00 , 91.00 , 109.00 , 8.00 , 2.00 , 4.00,07:41:01.891
48.75 , 2.25 , -30.21 , 60.00 , 75.00 , 87.00 , 9.00 , 2.00 , 3.00,07:41:01.928
41.44 , 12.62 , -20.00 , 21.00 , 8.00 , 11.00 , 5.00 , 2.00 , 1.00,07:41:01.962
30.87 , 23.20 , -8.51 , 8.00 , 2.00 , 5.00 , 2.00 , 2.00 , 0.00,07:41:01.995
23.97 , 31.61 , 0.26 , 0.00 , 0.00 , 0.00 , 0.00 , 1.00 , 0.00,07:41:02.030
32.28 , 33.74 , -3.58 , 0.00 , 0.00 , 0.00 , 0.00 , 2.00 , 0.00,07:41:02.066
36.40 , 28.26 , -8.89 , 0.00 , 0.00 , 0.00 , 0.00 , 1.00 , 0.00,07:41:02.107
40.76 , 23.23 , -17.26 , 0.00 , 0.00 , 0.00 , 0.00 , 1.00 , 0.00,07:41:02.142
45.01 , 16.54 , -27.33 , 0.00 , 0.00 , 0.00 , 0.00 , 1.00 , 0.00,07:41:02.183
49.72 , 6.80 , -38.17 , 0.00 , 0.00 , 0.00 , 0.00 , 2.00 , 0.00,07:41:02.222
53.29 , 0.17 , -46.13 , 0.00 , 0.00 , 0.00 , 0.00 , 2.00 , 0.00,07:41:02.259
56.99 , -5.94 , -54.34 , 1.00 , 0.00 , 0.00 , 0.00 , 1.00 , 0.00,07:41:02.292
59.44 , -14.09 , -59.80 , 1.00 , 0.00 , 0.00 , 0.00 , 1.00 , 0.00,07:41:02.331
63.04 , -20.02 , -64.91 , 1.00 , 0.00 , 0.00 , 0.00 , 1.00 , 0.00,07:41:02.364
65.67 , -23.26 , -66.82 , 1.00 , 0.00 , 0.00 , 0.00 , 1.00 , 0.00,07:41:02.399
66.61 , -28.09 , -71.29 , 1.00 , 0.00 , 0.00 , 0.00 , 1.00 , 0.00,07:41:02.434
64.79 , -30.71 , -75.83 , 2.00 , 0.00 , 0.00 , 0.00 , 1.00 , 0.00,07:41:02.474
59.08 , -29.51 , -79.11 , 1.00 , 0.00 , 0.00 , 0.00 , 1.00 , 0.00,07:41:02.508
69.43 , -20.19 , -68.51 , 0.00 , 0.00 , 0.00 , 0.00 , -1.00 , 0.00,07:41:02.550
63.02 , -14.51 , -56.48 , 0.00 , 0.00 , 0.00 , 0.00 , -1.00 , 0.00,07:41:02.589
59.00 , -15.37 , -52.67 , 0.00 , 0.00 , 1.00 , 0.00 , -1.00 , 0.00,07:41:02.631
55.20 , -15.79 , -52.06 , 1.00 , 2.00 , 6.00 , 7.00 , -1.00 , 2.00,07:41:02.672
53.46 , -16.21 , -51.28 , 5.00 , 7.00 , 3.00 , 10.00 , -1.00 , 4.00,07:41:02.704
52.29 , -16.01 , -51.01 , 7.00 , 2.00 , 11.00 , 0.00 , -1.00 , 6.00,07:41:02.740
51.84 , -15.58 , -50.75 , 8.00 , 13.00 , 23.00 , 4.00 , -1.00 , 6.00,07:41:02.773
51.39 , -15.19 , -50.55 , 8.00 , 24.00 , 29.00 , 6.00 , 157.00 , 7.00,07:41:02.807
50.72 , -14.76 , -50.30 , 9.00 , 24.00 , 30.00 , 7.00 , 47.00 , 7.00,07:41:02.842
49.94 , -14.24 , -50.30 , 11.00 , 29.00 , 34.00 , 9.00 , 41.00 , 8.00,07:41:02.879
49.20 , -13.69 , -50.25 , 10.00 , 33.00 , 45.00 , 11.00 , 35.00 , 8.00,07:41:02.920
48.49 , -12.91 , -50.37 , 1.00 , 34.00 , 48.00 , 15.00 , 29.00 , 9.00,07:41:02.956
47.77 , -12.25 , -50.39 , 2.00 , 40.00 , 46.00 , 17.00 , 31.00 , 9.00,07:41:02.991
47.23 , -11.50 , -50.58 , 3.00 , 56.00 , 55.00 , 18.00 , 17.00 , 9.00,07:41:03.022
46.64 , -10.73 , -50.81 , 6.00 , 41.00 , 50.00 , 18.00 , 8.00 , 9.00,07:41:03.060
46.03 , -10.13 , -50.91 , 7.00 , 46.00 , 59.00 , 19.00 , 5.00 , 9.00,07:41:03.095
45.90 , -9.82 , -50.92 , 4.00 , 46.00 , 56.00 , 17.00 , 7.00 , 8.00,07:41:03.139
45.44 , -9.31 , -50.91 , 3.00 , 30.00 , 49.00 , 16.00 , 22.00 , 8.00,07:41:03.170
44.86 , -8.47 , -51.22 , 1.00 , 25.00 , 46.00 , 16.00 , 52.00 , 9.00,07:41:03.207
44.61 , -7.83 , -51.39 , 10.00 , 14.00 , 34.00 , 11.00 , 68.00 , 8.00,07:41:03.241
44.19 , -7.19 , -51.38 , 9.00 , 11.00 , 24.00 , 5.00 , 41.00 , 7.00,07:41:03.283
43.61 , -6.46 , -51.63 , 8.00 , 2.00 , 22.00 , 4.00 , 8.00 , 7.00,07:41:03.317
43.11 , -5.72 , -51.99 , 7.00 , 10.00 , 17.00 , 2.00 , 11.00 , 6.00,07:41:03.354
42.87 , -5.40 , -52.15 , 6.00 , 8.00 , 11.00 , 11.00 , 10.00 , 5.00,07:41:03.389
42.37 , -5.02 , -52.20 , 5.00 , 6.00 , 7.00 , 10.00 , 3.00 , 5.00,07:41:03.418
41.73 , -4.47 , -52.38 , 5.00 , 5.00 , 5.00 , 9.00 , 23.00 , 5.00,07:41:03.460
41.27 , -3.83 , -52.49 , 4.00 , 5.00 , 3.00 , 9.00 , 46.00 , 5.00,07:41:03.498
40.88 , -3.22 , -52.54 , 4.00 , 5.00 , 3.00 , 9.00 , 45.00 , 5.00,07:41:03.532
40.52 , -2.66 , -52.53 , 4.00 , 5.00 , 4.00 , 10.00 , 34.00 , 5.00,07:41:03.568
40.09 , -2.14 , -52.55 , 4.00 , 5.00 , 3.00 , 10.00 , 26.00 , 5.00,07:41:03.603
39.72 , -1.64 , -52.57 , 4.00 , 5.00 , 1.00 , 9.00 , 26.00 , 5.00,07:41:03.636
39.35 , -1.12 , -52.56 , 4.00 , 5.00 , 2.00 , 10.00 , 26.00 , 5.00,07:41:03.675
38.97 , -0.51 , -52.59 , 4.00 , 5.00 , 3.00 , 10.00 , 22.00 , 5.00,07:41:03.713
38.61 , 0.06 , -52.58 , 4.00 , 4.00 , 3.00 , 10.00 , 20.00 , 5.00,07:41:03.750
38.18 , 0.58 , -52.56 , 4.00 , 4.00 , 3.00 , 10.00 , 23.00 , 5.00,07:41:03.783
37.84 , 1.08 , -52.54 , 4.00 , 4.00 , 3.00 , 11.00 , 26.00 , 5.00,07:41:03.816
37.53 , 1.60 , -52.53 , 4.00 , 4.00 , 3.00 , 11.00 , 28.00 , 6.00,07:41:03.848
37.22 , 2.06 , -52.51 , 4.00 , 4.00 , 4.00 , 11.00 , 26.00 , 6.00,07:41:03.881
36.92 , 2.52 , -52.49 , 4.00 , 4.00 , 5.00 , 11.00 , 24.00 , 6.00,07:41:03.918
36.61 , 3.01 , -52.48 , 4.00 , 4.00 , 5.00 , 11.00 , 22.00 , 6.00,07:41:03.951
36.31 , 3.50 , -52.49 , 5.00 , 4.00 , 5.00 , 11.00 , 25.00 , 6.00,07:41:03.984
35.96 , 3.96 , -52.46 , 5.00 , 5.00 , 5.00 , 12.00 , 26.00 , 6.00,07:41:04.020
35.68 , 4.45 , -52.44 , 5.00 , 5.00 , 5.00 , 12.00 , 24.00 , 6.00,07:41:04.052
35.42 , 4.91 , -52.43 , 5.00 , 4.00 , 6.00 , 12.00 , 24.00 , 6.00,07:41:04.089
35.17 , 5.30 , -52.42 , 5.00 , 4.00 , 8.00 , 0.00 , 24.00 , 6.00,07:41:04.124
34.85 , 5.79 , -52.37 , 5.00 , 4.00 , 7.00 , 0.00 , 24.00 , 7.00,07:41:04.158
34.60 , 6.22 , -52.34 , 5.00 , 4.00 , 5.00 , 0.00 , 24.00 , 7.00,07:41:04.190
34.32 , 6.65 , -52.32 , 5.00 , 5.00 , 10.00 , 0.00 , 25.00 , 7.00,07:41:04.225
34.03 , 7.06 , -52.32 , 5.00 , 5.00 , 7.00 , 0.00 , 28.00 , 7.00,07:41:04.259
33.78 , 7.49 , -52.32 , 5.00 , 4.00 , 9.00 , 0.00 , 32.00 , 7.00,07:41:04.294
33.54 , 7.90 , -52.31 , 5.00 , 4.00 , 6.00 , 12.00 , 32.00 , 6.00,07:41:04.330
33.27 , 8.34 , -52.30 , 5.00 , 4.00 , 6.00 , 0.00 , 40.00 , 6.00,07:41:04.368
33.04 , 8.74 , -52.29 , 5.00 , 4.00 , 6.00 , 12.00 , 39.00 , 6.00,07:41:04.401
32.77 , 9.18 , -52.26 , 5.00 , 5.00 , 6.00 , 0.00 , 44.00 , 6.00,07:41:04.441
32.49 , 9.60 , -52.20 , 5.00 , 5.00 , 6.00 , 0.00 , 42.00 , 6.00,07:41:04.475
32.25 , 9.99 , -52.16 , 5.00 , 5.00 , 6.00 , 0.00 , 46.00 , 7.00,07:41:04.515
32.04 , 10.37 , -52.13 , 5.00 , 5.00 , 7.00 , 0.00 , 47.00 , 7.00,07:41:04.552
31.76 , 10.81 , -52.10 , 4.00 , 5.00 , 8.00 , 12.00 , 48.00 , 6.00,07:41:04.589
31.49 , 11.23 , -52.09 , 5.00 , 4.00 , 5.00 , 12.00 , 52.00 , 6.00,07:41:04.624
31.28 , 11.58 , -52.06 , 5.00 , 4.00 , 4.00 , 12.00 , 64.00 , 6.00,07:41:04.666
31.01 , 12.00 , -52.02 , 5.00 , 4.00 , 5.00 , 12.00 , 56.00 , 6.00,07:41:04.698
30.80 , 12.35 , -52.00 , 5.00 , 4.00 , 4.00 , 12.00 , 57.00 , 6.00,07:41:04.734
30.59 , 12.70 , -51.97 , 5.00 , 4.00 , 3.00 , 11.00 , 50.00 , 6.00,07:41:04.769
30.36 , 13.03 , -51.93 , 4.00 , 4.00 , 2.00 , 11.00 , 61.00 , 6.00,07:41:04.801
30.19 , 13.34 , -51.91 , 4.00 , 4.00 , 12.00 , 11.00 , 65.00 , 6.00,07:41:04.833
30.01 , 13.65 , -51.90 , 4.00 , 4.00 , 12.00 , 11.00 , 70.00 , 6.00,07:41:04.866
29.82 , 13.95 , -51.87 , 4.00 , 4.00 , 0.00 , 10.00 , 77.00 , 5.00,07:41:04.904
29.62 , 14.26 , -51.83 , 4.00 , 4.00 , 0.00 , 11.00 , 80.00 , 5.00,07:41:04.938
29.39 , 14.58 , -51.77 , 4.00 , 5.00 , 1.00 , 11.00 , 80.00 , 5.00,07:41:04.983
29.15 , 14.92 , -51.72 , 4.00 , 4.00 , 1.00 , 11.00 , 78.00 , 6.00,07:41:05.014
28.92 , 15.24 , -51.62 , 4.00 , 5.00 , 2.00 , 11.00 , 69.00 , 6.00,07:41:05.051
28.70 , 15.54 , -51.53 , 4.00 , 5.00 , 3.00 , 11.00 , 62.00 , 6.00,07:41:05.086
28.49 , 15.81 , -51.47 , 5.00 , 4.00 , 4.00 , 12.00 , 57.00 , 6.00,07:41:05.120
28.30 , 16.07 , -51.42 , 5.00 , 5.00 , 4.00 , 12.00 , 59.00 , 6.00,07:41:05.158
28.13 , 16.37 , -51.39 , 5.00 , 5.00 , 3.00 , 11.00 , 60.00 , 6.00,07:41:05.189
27.95 , 16.63 , -51.36 , 5.00 , 5.00 , 3.00 , 12.00 , 67.00 , 6.00,07:41:05.222
27.77 , 16.89 , -51.33 , 5.00 , 5.00 , 3.00 , 12.00 , 71.00 , 6.00,07:41:05.260
27.58 , 17.17 , -51.28 , 5.00 , 5.00 , 3.00 , 11.00 , 75.00 , 6.00,07:41:05.293
27.42 , 17.40 , -51.26 , 5.00 , 5.00 , 3.00 , 11.00 , 76.00 , 6.00,07:41:05.334
27.24 , 17.64 , -51.23 , 5.00 , 4.00 , 3.00 , 11.00 , 77.00 , 6.00,07:41:05.368
27.05 , 17.92 , -51.18 , 5.00 , 4.00 , 3.00 , 11.00 , 77.00 , 6.00,07:41:05.404
26.85 , 18.20 , -51.12 , 4.00 , 4.00 , 3.00 , 11.00 , 77.00 , 6.00,07:41:05.440
26.69 , 18.44 , -51.08 , 5.00 , 4.00 , 2.00 , 11.00 , 75.00 , 6.00,07:41:05.478
26.51 , 18.69 , -51.03 , 4.00 , 4.00 , 2.00 , 11.00 , 81.00 , 6.00,07:41:05.518
26.32 , 18.96 , -50.99 , 4.00 , 4.00 , 2.00 , 11.00 , 84.00 , 6.00,07:41:05.552
26.18 , 19.17 , -50.95 , 4.00 , 4.00 , 2.00 , 11.00 , 87.00 , 6.00,07:41:05.588
26.07 , 19.43 , -50.94 , 4.00 , 4.00 , 12.00 , 11.00 , 92.00 , 6.00,07:41:05.627
26.08 , 19.83 , -51.09 , 4.00 , 3.00 , 11.00 , 9.00 , 109.00 , 5.00,07:41:05.668
26.27 , 20.31 , -51.38 , 3.00 , 2.00 , 8.00 , 7.00 , 157.00 , 3.00,07:41:05.701
26.30 , 20.52 , -51.36 , 2.00 , 2.00 , 5.00 , 6.00 , 126.00 , 1.00,07:41:05.751
26.19 , 20.90 , -51.25 , 0.00 , 1.00 , 3.00 , 5.00 , 9.00 , 1.00,07:41:05.784
28.93 , 23.15 , -51.29 , 0.00 , 0.00 , 1.00 , 1.00 , 6.00 , 0.00,07:41:05.822
32.91 , 24.48 , -49.89 , 0.00 , 0.00 , 0.00 , 0.00 , 4.00 , 0.00,07:41:05.858
37.32 , 19.52 , -42.50 , 0.00 , 0.00 , 0.00 , 0.00 , 3.00 , 0.00,07:41:05.891
41.83 , 18.00 , -37.45 , 0.00 , 0.00 , 0.00 , 0.00 , 4.00 , 0.00,07:41:05.923
45.63 , 18.44 , -33.73 , 0.00 , 0.00 , 0.00 , 0.00 , 3.00 , 0.00,07:41:05.958
50.13 , 19.08 , -31.21 , 0.00 , 0.00 , 0.00 , 0.00 , 3.00 , 0.00,07:41:05.992
55.21 , 19.74 , -27.43 , 0.00 , 0.00 , 0.00 , 0.00 , 3.00 , 0.00,07:41:06.030
60.54 , 20.63 , -21.12 , 0.00 , 0.00 , 0.00 , 0.00 , 3.00 , 0.00,07:41:06.067
66.79 , 22.58 , -12.12 , 0.00 , 0.00 , 0.00 , 0.00 , 3.00 , 0.00,07:41:06.103
71.22 , 26.23 , -2.68 , 0.00 , 0.00 , 0.00 , 0.00 , 3.00 , 0.00,07:41:06.141
76.00 , 29.99 , 5.57 , 0.00 , 0.00 , 0.00 , 0.00 , 3.00 , 0.00,07:41:06.178
78.37 , 35.03 , 15.85 , 0.00 , 0.00 , 0.00 , 0.00 , 3.00 , 0.00,07:41:06.212
76.88 , 39.00 , 23.97 , 2.00 , 1.00 , 0.00 , 0.00 , 2.00 , 0.00,07:41:06.244
78.13 , 40.89 , 29.00 , 5.00 , 2.00 , 0.00 , 0.00 , 3.00 , 0.00,07:41:06.286
74.50 , 39.87 , 34.93 , 8.00 , 4.00 , 2.00 , 0.00 , 4.00 , 0.00,07:41:06.320
78.14 , 39.83 , 25.98 , 12.00 , 6.00 , 5.00 , 0.00 , 30.00 , 0.00,07:41:06.355
77.71 , 40.17 , 26.72 , 11.00 , 7.00 , 6.00 , 1.00 , -1.00 , 0.00,07:41:06.387
76.87 , 40.44 , 27.33 , 2.00 , 7.00 , 6.00 , 2.00 , -1.00 , 0.00,07:41:06.421
74.68 , 40.32 , 28.92 , 5.00 , 9.00 , 7.00 , 2.00 , -1.00 , 0.00,07:41:06.459
73.57 , 40.54 , 29.64 , 7.00 , 10.00 , 7.00 , 4.00 , -1.00 , 0.00,07:41:06.503
72.56 , 40.65 , 30.34 , 10.00 , 0.00 , 8.00 , 5.00 , -1.00 , 0.00,07:41:06.540
71.19 , 40.64 , 31.16 , 11.00 , 2.00 , 8.00 , 5.00 , -1.00 , 0.00,07:41:06.574
70.16 , 40.54 , 31.77 , 9.00 , 0.00 , 8.00 , 4.00 , -1.00 , 0.00,07:41:06.614
69.08 , 40.38 , 32.44 , 8.00 , 11.00 , 8.00 , 5.00 , -1.00 , 0.00,07:41:06.645
67.86 , 40.22 , 33.23 , 2.00 , 8.00 , 7.00 , 5.00 , -1.00 , 0.00,07:41:06.680
67.09 , 40.29 , 34.27 , 2.00 , 6.00 , 7.00 , 6.00 , -1.00 , 1.00,07:41:06.717
66.96 , 40.47 , 34.99 , 12.00 , 3.00 , 5.00 , 6.00 , -1.00 , 2.00,07:41:06.751
66.38 , 40.47 , 35.70 , 9.00 , 2.00 , 4.00 , 5.00 , -1.00 , 2.00,07:41:06.785
65.93 , 40.64 , 36.18 , 8.00 , 1.00 , 3.00 , 5.00 , -1.00 , 3.00,07:41:06.819
66.62 , 40.96 , 36.11 , 6.00 , 0.00 , 1.00 , 2.00 , -1.00 , 2.00,07:41:06.854
67.84 , 41.28 , 35.76 , 3.00 , 0.00 , 0.00 , 1.00 , -1.00 , 1.00,07:41:06.895
66.81 , 41.29 , 36.92 , 1.00 , 0.00 , 0.00 , 0.00 , 101.00 , 0.00,07:41:06.932
72.83 , 44.54 , 40.13 , 1.00 , 0.00 , 0.00 , 0.00 , 7.00 , 0.00,07:41:06.968
76.12 , 46.52 , 44.94 , 3.00 , 0.00 , 0.00 , 0.00 , 4.00 , 0.00,07:41:07.004
77.99 , 48.35 , 52.47 , 4.00 , 0.00 , 0.00 , 0.00 , 4.00 , 0.00,07:41:07.037
77.34 , 50.64 , 63.27 , 4.00 , 0.00 , 0.00 , 0.00 , 4.00 , 0.00,07:41:07.074
73.43 , 52.27 , 76.16 , 4.00 , 0.00 , 0.00 , 0.00 , 4.00 , 0.00,07:41:07.112
74.45 , 54.88 , 82.27 , 4.00 , 0.00 , 0.00 , 0.00 , 4.00 , 0.00,07:41:07.148
74.57 , 57.31 , 88.15 , 4.00 , 0.00 , 0.00 , 0.00 , 4.00 , 0.00,07:41:07.184
73.14 , 59.16 , 94.15 , 4.00 , 0.00 , 0.00 , 0.00 , 4.00 , 0.00,07:41:07.219
72.71 , 61.01 , 97.97 , 3.00 , 0.00 , 0.00 , 0.00 , 4.00 , 0.00,07:41:07.255
74.84 , 62.96 , 97.87 , 2.00 , 0.00 , 0.00 , 0.00 , 3.00 , 0.00,07:41:07.296
63.28 , 62.74 , 110.38 , 3.00 , 0.00 , 0.00 , 2.00 , 6.00 , 0.00,07:41:07.329
61.79 , 62.60 , 111.42 , 3.00 , 0.00 , 2.00 , 4.00 , 46.00 , 0.00,07:41:07.360
60.12 , 62.27 , 112.83 , 4.00 , 0.00 , 4.00 , 6.00 , 249.00 , 1.00,07:41:07.393
59.42 , 62.25 , 113.76 , 5.00 , 0.00 , 5.00 , 7.00 , 633.00 , 2.00,07:41:07.427
58.41 , 62.05 , 114.68 , 5.00 , 1.00 , 6.00 , 7.00 , 464.00 , 3.00,07:41:07.467
57.10 , 61.82 , 115.98 , 6.00 , 1.00 , 7.00 , 9.00 , 620.00 , 4.00,07:41:07.504
55.72 , 61.62 , 117.19 , 7.00 , 1.00 , 9.00 , 10.00 , 661.00 , 5.00,07:41:07.538
54.72 , 61.44 , 118.23 , 7.00 , 2.00 , 10.00 , 11.00 , 429.00 , 6.00,07:41:07.571
53.87 , 61.31 , 118.97 , 7.00 , 2.00 , 11.00 , 11.00 , 272.00 , 7.00,07:41:07.604
53.28 , 61.22 , 119.54 , 7.00 , 2.00 , 12.00 , 0.00 , 158.00 , 8.00,07:41:07.638
52.61 , 61.07 , 120.33 , 7.00 , 2.00 , 1.00 , 1.00 , 130.00 , 8.00,07:41:07.672
51.99 , 60.90 , 121.06 , 8.00 , 2.00 , 1.00 , 2.00 , 115.00 , 8.00,07:41:07.702
51.39 , 60.78 , 121.78 , 7.00 , 2.00 , 2.00 , 3.00 , 137.00 , 9.00,07:41:07.740
50.82 , 60.66 , 122.53 , 7.00 , 2.00 , 2.00 , 3.00 , 152.00 , 9.00,07:41:07.770
50.10 , 60.44 , 123.39 , 6.00 , 2.00 , 1.00 , 3.00 , 215.00 , 9.00,07:41:07.818
49.23 , 60.18 , 124.49 , 6.00 , 2.00 , 12.00 , 3.00 , 317.00 , 9.00,07:41:07.853
49.13 , 60.21 , 124.72 , 6.00 , 2.00 , 11.00 , 2.00 , 417.00 , 9.00,07:41:07.895
39.50 , 39.03 , -50.74 , 2.00 , 0.00 , 0.00 , 0.00 , 2.00 , 0.00,07:41:26.298
42.37 , 38.18 , -42.06 , 2.00 , 0.00 , 0.00 , 0.00 , 2.00 , 0.00,07:41:26.335
42.26 , 36.67 , -34.00 , 2.00 , 0.00 , 0.00 , 0.00 , 2.00 , 0.00,07:41:26.375
42.10 , 36.29 , -27.61 , 2.00 , 0.00 , 0.00 , 0.00 , 3.00 , 0.00,07:41:26.410
41.33 , 37.84 , -23.53 , 1.00 , 0.00 , 0.00 , 0.00 , 2.00 , 0.00,07:41:26.453
36.38 , 46.26 , -18.60 , 1.00 , 0.00 , 0.00 , 0.00 , 2.00 , 0.00,07:41:26.489
34.98 , 45.38 , -17.69 , 2.00 , 0.00 , 2.00 , 4.00 , 43.00 , 0.00,07:41:26.541
34.83 , 45.37 , -16.74 , 4.00 , 1.00 , 3.00 , 5.00 , 158.00 , 1.00,07:41:26.574
34.32 , 45.14 , -16.24 , 4.00 , 1.00 , 4.00 , 6.00 , 760.00 , 2.00,07:41:26.612
33.89 , 44.94 , -15.84 , 5.00 , 1.00 , 5.00 , 6.00 , -1.00 , 2.00,07:41:26.650
33.67 , 44.84 , -15.42 , 6.00 , 1.00 , 5.00 , 7.00 , -1.00 , 2.00,07:41:26.683
33.37 , 44.91 , -15.04 , 6.00 , 2.00 , 6.00 , 7.00 , -1.00 , 3.00,07:41:26.726
33.12 , 44.77 , -14.56 , 7.00 , 2.00 , 7.00 , 8.00 , -1.00 , 4.00,07:41:26.771
32.61 , 44.62 , -14.02 , 7.00 , 2.00 , 8.00 , 9.00 , -1.00 , 5.00,07:41:26.803
32.34 , 44.57 , -13.90 , 8.00 , 3.00 , 8.00 , 10.00 , -1.00 , 5.00,07:41:26.838
32.14 , 44.42 , -13.72 , 8.00 , 3.00 , 9.00 , 10.00 , -1.00 , 6.00,07:41:26.872
32.05 , 44.30 , -13.54 , 8.00 , 3.00 , 10.00 , 10.00 , -1.00 , 6.00,07:41:26.909
32.08 , 44.30 , -13.49 , 8.00 , 3.00 , 10.00 , 10.00 , -1.00 , 5.00,07:41:26.944
32.05 , 44.15 , -13.37 , 7.00 , 2.00 , 8.00 , 10.00 , -1.00 , 5.00,07:41:27.009
31.56 , 43.77 , -12.95 , 6.00 , 2.00 , 7.00 , 9.00 , -1.00 , 4.00,07:41:27.051
31.13 , 43.56 , -12.87 , 6.00 , 2.00 , 7.00 , 9.00 , -1.00 , 4.00,07:41:27.103
30.84 , 43.32 , -12.78 , 6.00 , 2.00 , 7.00 , 8.00 , -1.00 , 3.00,07:41:27.143
30.74 , 43.14 , -13.01 , 5.00 , 2.00 , 5.00 , 7.00 , -1.00 , 2.00,07:41:27.174
30.69 , 42.99 , -13.46 , 5.00 , 1.00 , 3.00 , 5.00 , -1.00 , 2.00,07:41:27.228
30.33 , 42.64 , -13.69 , 4.00 , 1.00 , 3.00 , 4.00 , -1.00 , 1.00,07:41:27.261
30.07 , 42.44 , -13.80 , 4.00 , 1.00 , 3.00 , 4.00 , -1.00 , 0.00,07:41:27.312
29.81 , 42.22 , -14.06 , 4.00 , 1.00 , 2.00 , 3.00 , -1.00 , 0.00,07:41:27.347
29.85 , 42.04 , -14.38 , 3.00 , 1.00 , 1.00 , 1.00 , -1.00 , 0.00,07:41:27.386
30.04 , 41.85 , -15.09 , 2.00 , 0.00 , 0.00 , 0.00 , -1.00 , 0.00,07:41:27.441
30.62 , 42.48 , -18.03 , 0.00 , 0.00 , 0.00 , 0.00 , 2.00 , 0.00,07:41:27.480
27.58 , 41.53 , -15.51 , 0.00 , 0.00 , 0.00 , 0.00 , 5.00 , 0.00,07:41:27.523
27.96 , 41.16 , -14.95 , 0.00 , 0.00 , 0.00 , 0.00 , 5.00 , 0.00,07:41:27.562
29.96 , 40.96 , -15.85 , 0.00 , 0.00 , 0.00 , 0.00 , 5.00 , 0.00,07:41:27.599
32.74 , 40.39 , -18.33 , 0.00 , 0.00 , 0.00 , 0.00 , 5.00 , 0.00,07:41:27.643
35.62 , 40.29 , -22.44 , 0.00 , 0.00 , 0.00 , 0.00 , 4.00 , 0.00,07:41:27.688
39.35 , 40.53 , -28.36 , 0.00 , 0.00 , 0.00 , 0.00 , 4.00 , 0.00,07:41:27.725
41.50 , 39.96 , -31.83 , 0.00 , 0.00 , 0.00 , 0.00 , 3.00 , 0.00,07:41:27.764
39.51 , 39.39 , -30.55 , 0.00 , 0.00 , 0.00 , 0.00 , 3.00 , 0.00,07:41:27.816
41.54 , 37.68 , -32.49 , 0.00 , 0.00 , 0.00 , 0.00 , 3.00 , 0.00,07:41:27.847
42.39 , 36.03 , -33.96 , 0.00 , 0.00 , 0.00 , 0.00 , 3.00 , 0.00,07:41:27.889
41.19 , 34.42 , -34.25 , 0.00 , 0.00 , 0.00 , 0.00 , 3.00 , 0.00,07:41:27.933
32.82 , 39.60 , -26.65 , 0.00 , 0.00 , 0.00 , 0.00 , 64.00 , 0.00,07:41:27.973
23.42 , 41.62 , -20.41 , 0.00 , 0.00 , 0.00 , 0.00 , -1.00 , 0.00,07:41:28.005
22.50 , 40.77 , -19.22 , 0.00 , 0.00 , 0.00 , 0.00 , -1.00 , 0.00,07:41:28.045
21.66 , 40.24 , -17.97 , 2.00 , 1.00 , 4.00 , 4.00 , -1.00 , 0.00,07:41:28.081
21.60 , 39.92 , -16.87 , 3.00 , 1.00 , 6.00 , 7.00 , -1.00 , 1.00,07:41:28.119
21.63 , 39.82 , -16.29 , 3.00 , 2.00 , 7.00 , 8.00 , -1.00 , 2.00,07:41:28.150
21.31 , 39.41 , -15.78 , 2.00 , 2.00 , 9.00 , 9.00 , -1.00 , 4.00,07:41:28.185
21.14 , 39.09 , -15.33 , 3.00 , 2.00 , 10.00 , 10.00 , -1.00 , 5.00,07:41:28.217
21.05 , 38.97 , -14.98 , 3.00 , 2.00 , 10.00 , 12.00 , -1.00 , 6.00,07:41:28.252
20.46 , 39.69 , -15.34 , 3.00 , 2.00 , 1.00 , 3.00 , 237.00 , 8.00,07:41:28.287
20.05 , 39.95 , -15.65 , 4.00 , 2.00 , 7.00 , 12.00 , 61.00 , 10.00,07:41:28.323
19.58 , 40.25 , -15.65 , 5.00 , 2.00 , 21.00 , 22.00 , 10.00 , 3.00,07:41:28.354
18.86 , 40.93 , -15.37 , 7.00 , 4.00 , 41.00 , 37.00 , 8.00 , 11.00,07:41:28.387
16.65 , 41.86 , -13.26 , 9.00 , 6.00 , 65.00 , 59.00 , 4.00 , 18.00,07:41:28.424
12.79 , 41.16 , -8.66 , 10.00 , 11.00 , 96.00 , 76.00 , 3.00 , 23.00,07:41:28.456
7.93 , 41.90 , -3.23 , 0.00 , 8.00 , 123.00 , 85.00 , 3.00 , 15.00,07:41:28.491
2,07:41:28.504
.10 , 42.64 , 6.43 , 10.00 , 9.00 , 154.00 , 46.00 , 3.00 , 8.00,07:41:28.528
16,07:41:28.538
.88 , 40.67 , 21.65 , 7.00 , 7.00 , 37.00 , 7.00 , 2.00 , 2.00,07:41:28.559
33,07:41:28.571
.51 , 33.50 , 38.40 , 7.00 , 1.00 , 7.00 , 3.00 , 2.00 , 0.00,07:41:28.592
46,07:41:28.603
.28 , 28.31 , 56.28 , 2.00 , 0.00 , 2.00 , 0.00 , 1.00 , 0.00,07:41:28.627
41,07:41:28.639
.75 , 23.30 , 55.20 , 0.00 , 0.00 , 0.00 , 0.00 , 5.00 , 0.00,07:41:28.661
35,07:41:28.680
.01 , 24.93 , 47.05 , 0.00 , 0.00 , 0.00 , 0.00 , 2.00 , 0.00,07:41:28.694
29,07:41:28.707
.29 , 27.38 , 38.23 , 0.00 , 0.00 , 0.00 , 0.00 , 2.00 , 0.00,07:41:28.731
22,07:41:28.749
.80 , 29.79 , 28.12 , 0.00 , 0.00 , 0.00 , 0.00 , 2.00 , 0.00,07:41:28.763
10,07:41:28.781
.75 , 30.93 , 13.49 , 0.00 , 0.00 , 0.00 , 0.00 , 2.00 , 0.00,07:41:28.800
4.09 , 31.98 , -2.59 , 0.00 , 0.00 , 0.00 , 0.00 , 2.00 , 0.00,07:41:28.839
17.22 , 31.89 , -15.24 , 0.00 , 0.00 , 0.00 , 0.00 , 2.00 , 0.00,07:41:28.875
109,07:41:47.317
.61 , -42.61 , 11.96 , 8.00 , 7.00 , 6.00 , 1.00 , -1.00 , 5.00,07:41:47.344
108,07:41:47.358
.36 , -43.20 , 13.12 , 10.00 , 3.00 , 24.00 , 13.00 , 25.00 , 8.00,07:41:47.381
106,07:41:47.396
.92 , -44.42 , 14.68 , 11.00 , 9.00 , 32.00 , 17.00 , 10.00 , 9.00,07:41:47.419
106,07:41:47.432
.89 , -45.53 , 15.43 , 1.00 , 21.00 , 39.00 , 22.00 , 8.00 , 11.00,07:41:47.451
107,07:41:47.463
.60 , -46.70 , 15.09 , 2.00 , 28.00 , 56.00 , 34.00 , 7.00 , 0.00,07:41:47.485
110,07:41:47.498
.17 , -48.04 , 12.58 , 14.00 , 44.00 , 74.00 , 43.00 , 4.00 , 12.00,07:41:47.521
115,07:41:47.529
.41 , -50.45 , 7.42 , 26.00 , 60.00 , 89.00 , 51.00 , 3.00 , 10.00,07:41:47.551
119,07:41:47.565
.26 , -55.38 , 4.61 , 60.00 , 87.00 , 102.00 , 38.00 , 3.00 , 6.00,07:41:47.585
125,07:41:47.598
.81 , -63.63 , -0.94 , 51.00 , 91.00 , 83.00 , 12.00 , 3.00 , 3.00,07:41:47.622
158,07:41:47.639
.90 , -70.12 , -30.45 , 31.00 , 25.00 , 18.00 , 6.00 , 2.00 , 2.00,07:41:47.660
147.77 , -66.94 , -81.48 , 8.00 , 2.00 , 7.00 , 3.00 , 2.00 , 0.00,07:41:47.693
115.69 , -58.00 , -115.03 , 3.00 , 1.00 , 3.00 , 0.00 , 1.00 , 0.00,07:41:47.730
119.56 , -54.29 , -109.32 , 0.00 , 0.00 , 0.00 , 0.00 , 2.00 , 0.00,07:41:47.776
130.53 , -60.68 , -98.36 , 0.00 , 0.00 , 0.00 , 0.00 , 1.00 , 0.00,07:41:47.809
145.36 , -65.69 , -84.52 , 0.00 , 0.00 , 0.00 , 0.00 , 1.00 , 0.00,07:41:47.858
175.72 , -71.70 , -54.99 , 0.00 , 0.00 , 0.00 , 0.00 , 1.00 , 0.00,07:41:47.916
116,07:41:47.934
.91 , -63.27 , 7.53 , 0.00 , 0.00 , 0.00 , 0.00 , 1.00 , 0.00,07:41:47.954
96,07:41:47.972
.13 , -52.81 , 21.86 , 0.00 , 0.00 , 0.00 , 0.00 , 0.00 , 0.00,07:41:47.996
86,07:41:48.011
.05 , -39.32 , 26.64 , 0.00 , 0.00 , 0.00 , 0.00 , 0.00 , 0.00,07:41:48.039
79,07:41:48.049
.71 , -25.29 , 30.28 , 0.00 , 0.00 , 0.00 , 0.00 , 0.00 , 0.00,07:41:48.072
78,07:41:48.101
.23 , -17.38 , 28.40 , 0.00 , 0.00 , 0.00 , 0.00 , 0.00 , 0.00,07:41:48.122
81,07:41:48.140
.49 , -28.47 , 39.58 , 0.00 , 0.00 , 0.00 , 0.00 , 2.00 , 0.00,07:41:48.164
96,07:41:48.179
.24 , -37.44 , 28.95 , 0.00 , 0.00 , 0.00 , 0.00 , -1.00 , 0.00,07:41:48.202
107,07:41:48.214
.79 , -31.91 , 22.35 , 0.00 , 0.00 , 0.00 , 0.00 , -1.00 , 0.00,07:41:48.237
112,07:41:48.252
.17 , -21.36 , 15.42 , 7.00 , 1.00 , 6.00 , 6.00 , -1.00 , 1.00,07:41:48.272
111,07:41:48.284
.84 , -21.28 , 17.30 , 9.00 , 12.00 , 5.00 , 11.00 , -1.00 , 5.00,07:41:48.305
112,07:41:48.317
.68 , -25.25 , 17.59 , 19.00 , 13.00 , 17.00 , 3.00 , -1.00 , 7.00,07:41:48.341
107,07:41:48.351
.90 , -28.10 , 22.10 , 25.00 , 25.00 , 30.00 , 9.00 , 123.00 , 8.00,07:41:48.373
107,07:41:48.391
.90 , -27.12 , 22.96 , 28.00 , 37.00 , 44.00 , 11.00 , 1.00 , 7.00,07:41:48.410
108,07:41:48.424
.33 , -27.92 , 22.95 , 30.00 , 48.00 , 41.00 , 11.00 , 8.00 , 6.00,07:41:48.445
108,07:41:48.460
.51 , -28.54 , 24.30 , 37.00 , 50.00 , 37.00 , 15.00 , 6.00 , 5.00,07:41:48.482
108,07:41:48.494
.22 , -28.79 , 25.51 , 28.00 , 55.00 , 52.00 , 13.00 , 3.00 , 4.00,07:41:48.517
107,07:41:48.530
.23 , -29.56 , 26.54 , 30.00 , 60.00 , 51.00 , 14.00 , 3.00 , 3.00,07:41:48.558
106,07:41:48.568
.92 , -30.78 , 27.98 , 25.00 , 69.00 , 59.00 , 12.00 , 2.00 , 3.00,07:41:48.589
106,07:41:48.605
.91 , -31.99 , 28.78 , 24.00 , 83.00 , 76.00 , 14.00 , 1.00 , 3.00,07:41:48.622
107,07:41:48.634
.06 , -32.87 , 29.01 , 43.00 , 102.00 , 81.00 , 11.00 , 1.00 , 4.00,07:41:48.655
108,07:41:48.666
.33 , -35.66 , 28.58 , 57.00 , 104.00 , 85.00 , 6.00 , 1.00 , 3.00,07:41:48.688
110,07:41:48.719
.50 , -40.41 , 27.79 , 55.00 , 122.00 , 87.00 , 10.00 , 1.00 , 3.00,07:41:48.736
110,07:41:48.766
.70 , -53.67 , 21.93 , 46.00 , 14.00 , 11.00 , 6.00 , 1.00 , 3.00,07:41:48.789
125,07:41:48.808
.41 , -74.67 , 16.70 , 9.00 , 2.00 , 5.00 , 2.00 , 1.00 , 0.00,07:41:48.831
150.32 , -85.72 , -63.82 , 0.00 , 0.00 , 0.00 , 0.00 , 0.00 , 0.00,07:41:48.869
5,07:41:48.885
.80 , -87.33 , 143.79 , 0.00 , 0.00 , 0.00 , 0.00 , 2.00 , 0.00,07:41:48.907
1.76 , -86.16 , 151.34 , 0.00 , 0.00 , 0.00 , 0.00 , 1.00 , 0.00,07:41:48.965
120,07:41:48.980
.34 , -84.44 , 30.71 , 0.00 , 0.00 , 0.00 , 0.00 , 1.00 , 0.00,07:41:48.998
117,07:41:49.017
.68 , -66.29 , 31.73 , 0.00 , 0.00 , 0.00 , 0.00 , 1.00 , 0.00,07:41:49.035
110,07:41:49.050
.13 , -42.96 , 33.01 , 0.00 , 0.00 , 0.00 , 0.00 , 1.00 , 0.00,07:41:49.072
97,07:41:49.094
.13 , -25.07 , 33.86 , 0.00 , 0.00 , 0.00 , 0.00 , 0.00 , 0.00,07:41:49.109
79,07:41:49.124
.28 , -5.16 , 33.27 , 0.00 , 0.00 , 0.00 , 0.00 , 0.00 , 0.00,07:41:49.145
80,07:41:49.163
.30 , 8.32 , 34.70 , 0.00 , 0.00 , 0.00 , 0.00 , 0.00 , 0.00,07:41:49.184
78,07:41:49.199
.13 , 13.80 , 21.31 , 0.00 , 0.00 , 0.00 , 0.00 , 0.00 , 0.00,07:41:49.220
68,07:41:49.242
.14 , 26.10 , 7.94 , 0.00 , 0.00 , 0.00 , 0.00 , 0.00 , 0.00,07:41:49.276
79,07:41:49.285
.45 , 12.15 , 19.12 , 0.00 , 0.00 , 0.00 , 0.00 , 54.00 , 0.00,07:41:49.307
97,07:41:49.319
.26 , -7.06 , 38.29 , 0.00 , 0.00 , 0.00 , 0.00 , -1.00 , 0.00,07:41:49.343
99,07:41:49.355
.78 , -15.29 , 44.44 , 0.00 , 0.00 , 1.00 , 1.00 , -1.00 , 0.00,07:41:49.382
99,07:41:49.395
.98 , -19.64 , 45.01 , 4.00 , 2.00 , 5.00 , 6.00 , -1.00 , 0.00,07:41:49.418
100,07:41:49.431
.36 , -19.75 , 44.84 , 6.00 , 5.00 , 11.00 , 9.00 , -1.00 , 3.00,07:41:49.448
103,07:41:49.460
.87 , -18.72 , 41.33 , 11.00 , 11.00 , 14.00 , 1.00 , -1.00 , 5.00,07:41:49.482
103,07:41:49.495
.24 , -18.75 , 40.26 , 0.00 , 13.00 , 26.00 , 8.00 , 176.00 , 7.00,07:41:49.526
102,07:41:49.541
.83 , -19.78 , 42.31 , 3.00 , 22.00 , 38.00 , 13.00 , 10.00 , 9.00,07:41:49.570
98,07:41:49.586
.21 , -21.76 , 43.22 , 4.00 , 26.00 , 47.00 , 17.00 , 6.00 , 9.00,07:41:49.601
98,07:41:49.613
.77 , -22.96 , 45.40 , 2.00 , 28.00 , 55.00 , 20.00 , 4.00 , 8.00,07:41:49.634
98,07:41:49.648
.27 , -23.33 , 46.26 , 3.00 , 48.00 , 59.00 , 22.00 , 3.00 , 8.00,07:41:49.678
96,07:41:49.685
.98 , -24.20 , 47.95 , 7.00 , 39.00 , 84.00 , 25.00 , 3.00 , 8.00,07:41:49.710
96,07:41:49.730
.87 , -25.23 , 49.82 , 14.00 , 46.00 , 84.00 , 30.00 , 2.00 , 8.00,07:41:49.743
96,07:41:49.755
.08 , -25.62 , 51.03 , 12.00 , 57.00 , 98.00 , 34.00 , 2.00 , 9.00,07:41:49.777
94,07:41:49.790
.57 , -28.14 , 51.97 , 20.00 , 56.00 , 102.00 , 39.00 , 2.00 , 8.00,07:41:49.810
95,07:41:49.828
.07 , -31.77 , 53.05 , 29.00 , 86.00 , 101.00 , 25.00 , 2.00 , 5.00,07:41:49.847
95,07:41:49.860
.15 , -36.78 , 54.89 , 40.00 , 93.00 , 110.00 , 4.00 , 2.00 , 4.00,07:41:49.890
92,07:41:49.901
.71 , -46.00 , 56.94 , 31.00 , 59.00 , 75.00 , 8.00 , 3.00 , 2.00,07:41:49.923
85,07:41:49.942
.56 , -58.73 , 66.53 , 5.00 , 7.00 , 10.00 , 5.00 , 2.00 , 1.00,07:41:49.959
74,07:41:49.969
.07 , -66.60 , 81.65 , 6.00 , 1.00 , 5.00 , 2.00 , 2.00 , 0.00,07:41:49.993
52,07:41:50.005
.17 , -70.94 , 102.40 , 0.00 , 0.00 , 1.00 , 0.00 , 1.00 , 0.00,07:41:50.029
20,07:41:50.048
.46 , -73.74 , 133.52 , 0.00 , 0.00 , 0.00 , 0.00 , 3.00 , 0.00,07:41:50.072
22,07:41:50.091
.23 , -74.48 , 132.50 , 0.00 , 0.00 , 0.00 , 0.00 , 1.00 , 0.00,07:41:50.112
32,07:41:50.128
.33 , -70.98 , 127.97 , 0.00 , 0.00 , 0.00 , 0.00 , 1.00 , 0.00,07:41:50.149
54,07:41:50.162
.41 , -69.70 , 104.27 , 0.00 , 0.00 , 0.00 , 0.00 , 1.00 , 0.00,07:41:50.184
73,07:41:50.200
.80 , -59.05 , 81.00 , 0.00 , 0.00 , 0.00 , 0.00 , 1.00 , 0.00,07:41:50.221
78,07:41:50.235
.13 , -43.87 , 68.50 , 0.00 , 0.00 , 0.00 , 0.00 , 1.00 , 0.00,07:41:50.257
73,07:41:50.273
.89 , -24.50 , 57.05 , 0.00 , 0.00 , 0.00 , 0.00 , 1.00 , 0.00,07:41:50.294
75,07:41:50.309
.24 , -13.45 , 53.71 , 0.00 , 0.00 , 0.00 , 0.00 , 0.00 , 0.00,07:41:50.331
75,07:41:50.345
.92 , -3.64 , 47.41 , 0.00 , 0.00 , 0.00 , 0.00 , 0.00 , 0.00,07:41:50.367
69,07:41:50.391
.60 , 2.19 , 39.76 , 0.00 , 0.00 , 0.00 , 0.00 , 0.00 , 0.00,07:41:50.407
68,07:41:50.421
.49 , 6.70 , 37.34 , 0.00 , 0.00 , 0.00 , 0.00 , 1.00 , 0.00,07:41:50.444
64,07:41:50.460
.82 , 8.40 , 34.84 , 0.00 , 0.00 , 0.00 , 0.00 , 1.00 , 0.00,07:41:50.476
63,07:41:50.494
.70 , 8.52 , 36.56 , 0.00 , 0.00 , 0.00 , 0.00 , 1.00 , 0.00,07:41:50.514
67,07:41:50.534
.88 , -1.26 , 42.07 , 0.00 , 0.00 , 0.00 , 0.00 , 284.00 , 0.00,07:41:50.561
66,07:41:50.571
.73 , -5.43 , 42.28 , 0.00 , 0.00 , 0.00 , 0.00 , -1.00 , 0.00,07:41:50.594
66,07:41:50.608
.52 , -9.59 , 45.21 , 0.00 , 0.00 , 0.00 , 0.00 , -1.00 , 0.00,07:41:50.630
67,07:41:50.657
.25 , -11.14 , 44.64 , 4.00 , 0.00 , 1.00 , 3.00 , -1.00 , 0.00,07:41:50.685
66,07:41:50.717
.38 , -11.75 , 45.16 , 8.00 , 5.00 , 9.00 , 8.00 , -1.00 , 1.00,07:41:50.738
65,07:41:50.755
.98 , -12.68 , 46.65 , 11.00 , 8.00 , 9.00 , 10.00 , -1.00 , 2.00,07:41:50.777
64,07:41:50.789
.97 , -12.87 , 46.66 , 0.00 , 21.00 , 14.00 , 11.00 , -1.00 , 2.00,07:41:50.816
64,07:41:50.827
.15 , -12.88 , 46.83 , 2.00 , 37.00 , 20.00 , 11.00 , -1.00 , 3.00,07:41:50.855
63,07:41:50.868
.40 , -12.60 , 47.10 , 6.00 , 40.00 , 25.00 , 12.00 , -1.00 , 3.00,07:41:50.885
62,07:41:50.900
.50 , -12.58 , 47.29 , 8.00 , 52.00 , 29.00 , 0.00 , 5522.00 , 4.00,07:41:50.918
62,07:41:50.943
.18 , -12.45 , 47.54 , 10.00 , 60.00 , 32.00 , 1.00 , 607.00 , 4.00,07:41:50.952
61,07:41:50.965
.56 , -12.37 , 47.63 , 16.00 , 64.00 , 35.00 , 2.00 , 281.00 , 4.00,07:41:50.988
60,07:41:51.003
.99 , -12.22 , 47.50 , 11.00 , 60.00 , 36.00 , 3.00 , 411.00 , 4.00,07:41:51.024
60,07:41:51.039
.60 , -12.00 , 47.44 , 8.00 , 61.00 , 38.00 , 2.00 , 760.00 , 3.00,07:41:51.060
59,07:41:51.077
.87 , -11.88 , 47.17 , 4.00 , 53.00 , 35.00 , 2.00 , -1.00 , 4.00,07:41:51.104
58,07:41:51.114
.57 , -11.77 , 47.22 , 0.00 , 32.00 , 26.00 , 12.00 , -1.00 , 3.00,07:41:51.135
57,07:41:51.148
.90 , -11.70 , 47.29 , 10.00 , 19.00 , 18.00 , 10.00 , -1.00 , 3.00,07:41:51.168
56,07:41:51.183
.65 , -11.72 , 47.35 , 9.00 , 2.00 , 11.00 , 8.00 , -1.00 , 2.00,07:41:51.213
54,07:41:51.228
.58 , -11.98 , 47.39 , 7.00 , 8.00 , 2.00 , 8.00 , 5522.00 , 1.00,07:41:51.250
53,07:41:51.264
.99 , -11.54 , 47.81 , 7.00 , 7.00 , 0.00 , 8.00 , 74.00 , 1.00,07:41:51.278
53,07:41:51.309
.51 , -11.19 , 48.06 , 7.00 , 6.00 , 12.00 , 8.00 , 46.00 , 0.00,07:41:51.325
51,07:41:51.338
.94 , -10.92 , 48.12 , 6.00 , 5.00 , 11.00 , 8.00 , 50.00 , 0.00,07:41:51.364
51,07:41:51.374
.01 , -10.67 , 48.18 , 6.00 , 5.00 , 11.00 , 8.00 , 56.00 , 0.00,07:41:51.395
49,07:41:51.412
.54 , -10.60 , 48.36 , 6.00 , 5.00 , 11.00 , 8.00 , 55.00 , 1.00,07:41:51.430
48,07:41:51.443
.83 , -10.28 , 48.65 , 7.00 , 5.00 , 12.00 , 9.00 , 41.00 , 1.00,07:41:51.466
48,07:41:51.482
.11 , -9.94 , 48.88 , 7.00 , 5.00 , 0.00 , 9.00 , 34.00 , 2.00,07:41:51.501
46,07:41:51.515
.75 , -9.83 , 49.02 , 7.00 , 5.00 , 1.00 , 9.00 , 39.00 , 2.00,07:41:51.535
45,07:41:51.547
.74 , -9.59 , 49.25 , 8.00 , 5.00 , 2.00 , 9.00 , 35.00 , 2.00,07:41:51.575
45,07:41:51.584
.01 , -9.25 , 49.47 , 7.00 , 5.00 , 2.00 , 9.00 , 23.00 , 2.00,07:41:51.604
43,07:41:51.617
.88 , -8.96 , 49.55 , 7.00 , 4.00 , 2.00 , 10.00 , 30.00 , 2.00,07:41:51.636
42,07:41:51.647
.95 , -8.75 , 49.66 , 7.00 , 5.00 , 2.00 , 10.00 , 36.00 , 2.00,07:41:51.668
42,07:41:51.678
.25 , -8.42 , 49.79 , 8.00 , 5.00 , 3.00 , 10.00 , 39.00 , 3.00,07:41:51.699
41,07:41:51.712
.38 , -8.13 , 49.84 , 7.00 , 5.00 , 3.00 , 10.00 , 44.00 , 3.00,07:41:51.734
40,07:41:51.745
.39 , -7.88 , 49.84 , 7.00 , 4.00 , 3.00 , 10.00 , 60.00 , 3.00,07:41:51.771
39,07:41:51.780
.52 , -7.62 , 49.93 , 8.00 , 5.00 , 3.00 , 10.00 , 79.00 , 3.00,07:41:51.817
38,07:41:51.833
.44 , -7.36 , 50.21 , 7.00 , 4.00 , 3.00 , 10.00 , 72.00 , 3.00,07:41:51.853
37,07:41:51.868
.18 , -6.96 , 50.13 , 8.00 , 4.00 , 3.00 , 11.00 , 72.00 , 4.00,07:41:51.896
36,07:41:51.905
.26 , -6.58 , 50.10 , 7.00 , 4.00 , 3.00 , 11.00 , 110.00 , 4.00,07:41:51.928
35,07:41:51.941
.30 , -6.23 , 50.22 , 7.00 , 4.00 , 3.00 , 11.00 , 160.00 , 4.00,07:41:51.962
34,07:41:51.979
.58 , -5.86 , 50.32 , 7.00 , 5.00 , 3.00 , 11.00 , 176.00 , 4.00,07:41:51.994
33,07:41:52.005
.74 , -5.59 , 50.35 , 8.00 , 5.00 , 4.00 , 11.00 , 183.00 , 4.00,07:41:52.029
32,07:41:52.039
.81 , -5.40 , 50.35 , 8.00 , 5.00 , 2.00 , 11.00 , 193.00 , 4.00,07:41:52.059
32,07:41:52.079
.07 , -5.13 , 50.42 , 8.00 , 5.00 , 5.00 , 11.00 , 246.00 , 4.00,07:41:52.093
31,07:41:52.104
.20 , -4.88 , 50.46 , 8.00 , 5.00 , 5.00 , 11.00 , 290.00 , 4.00,07:41:52.131
30,07:41:52.140
.23 , -4.72 , 50.54 , 8.00 , 5.00 , 5.00 , 11.00 , 341.00 , 4.00,07:41:52.163
29,07:41:52.174
.43 , -4.45 , 50.56 , 8.00 , 5.00 , 5.00 , 11.00 , 383.00 , 4.00,07:41:52.204
28,07:41:52.214
.57 , -4.24 , 50.52 , 8.00 , 5.00 , 5.00 , 11.00 , 707.00 , 4.00,07:41:52.238
27,07:41:52.254
.54 , -3.94 , 50.51 , 8.00 , 5.00 , 5.00 , 11.00 , -1.00 , 4.00,07:41:52.275
26,07:41:52.291
.68 , -3.61 , 50.49 , 8.00 , 5.00 , 5.00 , 11.00 , 1355.00 , 4.00,07:41:52.310
25,07:41:52.322
.81 , -3.32 , 50.52 , 7.00 , 5.00 , 5.00 , 11.00 , -1.00 , 4.00,07:41:52.343
25,07:41:52.356
.02 , -3.05 , 50.55 , 8.00 , 6.00 , 3.00 , 12.00 , -1.00 , 4.00,07:41:52.377
24,07:41:52.395
.19 , -2.80 , 50.55 , 8.00 , 5.00 , 5.00 , 11.00 , -1.00 , 4.00,07:41:52.427
23,07:41:52.442
.21 , -2.52 , 50.56 , 8.00 , 5.00 , 5.00 , 11.00 , -1.00 , 4.00,07:41:52.463
22,07:41:52.473
.05 , -2.20 , 50.62 , 8.00 , 5.00 , 5.00 , 11.00 , -1.00 , 4.00,07:41:52.497
21,07:41:52.510
.23 , -1.98 , 50.63 , 8.00 , 4.00 , 5.00 , 11.00 , -1.00 , 4.00,07:41:52.532
20,07:41:52.551
.43 , -1.69 , 50.63 , 7.00 , 4.00 , 5.00 , 11.00 , -1.00 , 4.00,07:41:52.568
19,07:41:52.583
.57 , -1.43 , 50.61 , 7.00 , 4.00 , 4.00 , 11.00 , -1.00 , 4.00,07:41:52.603
18,07:41:52.622
.67 , -1.19 , 50.64 , 7.00 , 4.00 , 4.00 , 11.00 , -1.00 , 4.00,07:41:52.646
17,07:41:52.668
.78 , -0.86 , 50.68 , 7.00 , 5.00 , 3.00 , 11.00 , -1.00 , 4.00,07:41:52.688
16,07:41:52.703
.84 , -0.50 , 50.68 , 7.00 , 4.00 , 3.00 , 11.00 , -1.00 , 4.00,07:41:52.724
15,07:41:52.736
.93 , -0.29 , 50.67 , 7.00 , 4.00 , 2.00 , 11.00 , -1.00 , 4.00,07:41:52.757
15,07:41:52.773
.15 , -0.06 , 50.67 , 7.00 , 4.00 , 3.00 , 11.00 , 1300.00 , 4.00,07:41:52.795
14,07:41:52.806
.49 , 0.28 , 50.62 , 7.00 , 4.00 , 2.00 , 11.00 , -1.00 , 5.00,07:41:52.827
13,07:41:52.838
.81 , 0.52 , 50.58 , 7.00 , 3.00 , 2.00 , 11.00 , -1.00 , 4.00,07:41:52.861
13,07:41:52.874
.11 , 0.76 , 50.58 , 7.00 , 4.00 , 2.00 , 11.00 , -1.00 , 4.00,07:41:52.897
12,07:41:52.909
.49 , 1.05 , 50.53 , 7.00 , 4.00 , 2.00 , 11.00 , -1.00 , 5.00,07:41:52.929
11,07:41:52.941
.80 , 1.29 , 50.50 , 7.00 , 4.00 , 5.00 , 11.00 , -1.00 , 5.00,07:41:52.964
11,07:41:52.978
.19 , 1.58 , 50.47 , 7.00 , 4.00 , 2.00 , 11.00 , -1.00 , 5.00,07:41:53.000
10,07:41:53.009
.64 , 1.91 , 50.43 , 7.00 , 4.00 , 3.00 , 11.00 , -1.00 , 5.00,07:41:53.030
10,07:41:53.042
.13 , 2.15 , 50.39 , 7.00 , 4.00 , 2.00 , 11.00 , -1.00 , 5.00,07:41:53.063
9,07:41:53.074
.37 , 2.31 , 50.39 , 7.00 , 3.00 , 5.00 , 12.00 , 2744.00 , 5.00,07:41:53.094
8,07:41:53.111
.83 , 2.54 , 50.37 , 7.00 , 4.00 , 3.00 , 11.00 , -1.00 , 5.00,07:41:53.137
8,07:41:53.146
.16 , 2.80 , 50.34 , 6.00 , 4.00 , 4.00 , 12.00 , -1.00 , 5.00,07:41:53.169
7,07:41:53.180
.53 , 3.08 , 50.31 , 7.00 , 4.00 , 4.00 , 11.00 , -1.00 , 5.00,07:41:53.206
6,07:41:53.215
.99 , 3.31 , 50.28 , 7.00 , 4.00 , 5.00 , 12.00 , -1.00 , 5.00,07:41:53.250
6,07:41:53.264
.23 , 3.50 , 50.27 , 7.00 , 4.00 , 4.00 , 12.00 , -1.00 , 5.00,07:41:53.288
5,07:41:53.299
.57 , 3.93 , 50.21 , 7.00 , 4.00 , 4.00 , 12.00 , -1.00 , 6.00,07:41:53.327
4,07:41:53.340
.81 , 4.07 , 50.13 , 6.00 , 3.00 , 4.00 , 12.00 , -1.00 , 5.00,07:41:53.368
3,07:41:53.376
.91 , 4.27 , 50.01 , 6.00 , 3.00 , 12.00 , 11.00 , -1.00 , 5.00,07:41:53.398
3,07:41:53.413
.16 , 4.41 , 49.99 , 6.00 , 3.00 , 10.00 , 10.00 , -1.00 , 4.00,07:41:53.431
2,07:41:53.445
.56 , 4.58 , 49.97 , 6.00 , 3.00 , 10.00 , 10.00 , -1.00 , 4.00,07:41:53.471
1,07:41:53.482
.84 , 4.79 , 49.91 , 5.00 , 3.00 , 10.00 , 10.00 , -1.00 , 4.00,07:41:53.504
0,07:41:53.515
.96 , 4.92 , 49.89 , 5.00 , 3.00 , 9.00 , 9.00 , -1.00 , 4.00,07:41:53.538
0.02 , 5.03 , 49.93 , 5.00 , 2.00 , 8.00 , 9.00 , -1.00 , 4.00,07:41:53.572
0.73 , 5.17 , 49.92 , 4.00 , 2.00 , 8.00 , 9.00 , -1.00 , 4.00,07:41:53.606
1.27 , 5.38 , 49.88 , 4.00 , 2.00 , 8.00 , 9.00 , -1.00 , 4.00,07:41:53.645
2.07 , 5.55 , 49.99 , 4.00 , 2.00 , 7.00 , 9.00 , -1.00 , 4.00,07:41:53.683
2.97 , 5.65 , 50.09 , 4.00 , 2.00 , 7.00 , 9.00 , -1.00 , 4.00,07:41:53.719
3.42 , 5.85 , 50.01 , 4.00 , 2.00 , 7.00 , 9.00 , -1.00 , 4.00,07:41:53.751
3.70 , 5.99 , 49.91 , 4.00 , 2.00 , 7.00 , 9.00 , -1.00 , 4.00,07:41:53.785
4.06 , 6.01 , 49.87 , 4.00 , 2.00 , 8.00 , 9.00 , -1.00 , 4.00,07:41:53.820
4.50 , 6.10 , 49.82 , 4.00 , 3.00 , 8.00 , 10.00 , -1.00 , 5.00,07:41:53.854
4.85 , 6.32 , 49.77 , 5.00 , 3.00 , 9.00 , 10.00 , -1.00 , 5.00,07:41:53.890
5.31 , 6.57 , 49.71 , 5.00 , 3.00 , 10.00 , 11.00 , -1.00 , 6.00,07:41:53.926
5.69 , 6.84 , 49.65 , 5.00 , 3.00 , 10.00 , 11.00 , -1.00 , 6.00,07:41:53.960
6.01 , 7.15 , 49.46 , 5.00 , 3.00 , 11.00 , 11.00 , -1.00 , 6.00,07:41:53.998
6.29 , 7.43 , 49.29 , 6.00 , 4.00 , 11.00 , 11.00 , -1.00 , 6.00,07:41:54.034
6.55 , 7.71 , 49.13 , 6.00 , 4.00 , 0.00 , 12.00 , -1.00 , 6.00,07:41:54.073
6.86 , 7.98 , 48.99 , 6.00 , 4.00 , 11.00 , 12.00 , -1.00 , 6.00,07:41:54.105
7.17 , 8.22 , 48.86 , 7.00 , 5.00 , 2.00 , 12.00 , -1.00 , 5.00,07:41:54.137
7.35 , 8.43 , 48.80 , 7.00 , 5.00 , 2.00 , 11.00 , -1.00 , 5.00,07:41:54.175
7.64 , 8.62 , 48.72 , 6.00 , 5.00 , 3.00 , 12.00 , -1.00 , 5.00,07:41:54.215
8.00 , 8.82 , 48.61 , 6.00 , 5.00 , 2.00 , 11.00 , -1.00 , 4.00,07:41:54.253
8.44 , 8.93 , 48.59 , 6.00 , 5.00 , 0.00 , 11.00 , -1.00 , 4.00,07:41:54.293
8.80 , 9.06 , 48.56 , 6.00 , 4.00 , 12.00 , 10.00 , -1.00 , 4.00,07:41:54.327
9.10 , 9.22 , 48.55 , 6.00 , 4.00 , 11.00 , 10.00 , -1.00 , 3.00,07:41:54.363
9.50 , 9.24 , 48.68 , 5.00 , 4.00 , 11.00 , 10.00 , -1.00 , 3.00,07:41:54.397
9.84 , 9.24 , 48.78 , 5.00 , 4.00 , 10.00 , 10.00 , -1.00 , 3.00,07:41:54.434
10.01 , 9.12 , 48.90 , 6.00 , 4.00 , 10.00 , 10.00 , -1.00 , 3.00,07:41:54.465
9.88 , 9.14 , 48.98 , 6.00 , 4.00 , 12.00 , 10.00 , -1.00 , 4.00,07:41:54.498
9.93 , 9.34 , 49.11 , 6.00 , 4.00 , 3.00 , 11.00 , -1.00 , 5.00,07:41:54.530
9.82 , 10.07 , 49.36 , 7.00 , 5.00 , 8.00 , 2.00 , 328.00 , 6.00,07:41:54.564
10.24 , 11.12 , 49.95 , 8.00 , 6.00 , 17.00 , 6.00 , 11.00 , 7.00,07:41:54.597
8.53 , 13.92 , 51.12 , 8.00 , 7.00 , 17.00 , 6.00 , 7.00 , 5.00,07:41:54.630
5.42 , 17.51 , 53.16 , 6.00 , 6.00 , 6.00 , 11.00 , 4.00 , 2.00,07:41:54.668
3.00 , 20.07 , 56.62 , 5.00 , 2.00 , 9.00 , 4.00 , 3.00 , 0.00,07:41:54.701
1.25 , 21.48 , 60.28 , 5.00 , 1.00 , 3.00 , 0.00 , 2.00 , 0.00,07:41:54.737
1.38 , 19.53 , 63.51 , 0.00 , 0.00 , 0.00 , 0.00 , 3.00 , 0.00,07:41:54.771
1.05 , 16.86 , 65.47 , 0.00 , 0.00 , 0.00 , 0.00 , 3.00 , 0.00,07:41:54.807
0,07:41:54.819
.78 , 16.38 , 67.60 , 0.00 , 0.00 , 0.00 , 0.00 , 4.00 , 0.00,07:41:54.844
1,07:41:54.856
.15 , 16.35 , 67.39 , 0.00 , 0.00 , 0.00 , 0.00 , 4.00 , 0.00,07:41:54.881
0.75 , 15.67 , 65.09 , 0.00 , 0.00 , 0.00 , 0.00 , 4.00 , 0.00,07:41:54.912
5.41 , 14.04 , 59.17 , 0.00 , 0.00 , 0.00 , 0.00 , 3.00 , 0.00,07:41:54.957
9.59 , 12.40 , 53.47 , 0.00 , 0.00 , 0.00 , 0.00 , 3.00 , 0.00,07:41:54.994
12.72 , 11.41 , 48.60 , 0.00 , 0.00 , 0.00 , 0.00 , 3.00 , 0.00,07:41:55.026
15.44 , 10.46 , 43.63 , 0.00 , 0.00 , 0.00 , 0.00 , 2.00 , 0.00,07:41:55.063
19.05 , 9.39 , 38.86 , 0.00 , 0.00 , 0.00 , 0.00 , 2.00 , 0.00,07:41:55.100
21.34 , 8.97 , 35.54 , 0.00 , 0.00 , 0.00 , 0.00 , 2.00 , 0.00,07:41:55.139
22.36 , 9.56 , 34.06 , 0.00 , 0.00 , 0.00 , 0.00 , 2.00 , 0.00,07:41:55.175
23.24 , 9.00 , 32.85 , 0.00 , 0.00 , 0.00 , 0.00 , 1.00 , 0.00,07:41:55.214
24.97 , 8.61 , 32.96 , 0.00 , 0.00 , 0.00 , 0.00 , 1.00 , 0.00,07:41:55.255
27.65 , 8.18 , 32.01 , 0.00 , 0.00 , 0.00 , 0.00 , 1.00 , 0.00,07:41:55.287
28.06 , 8.21 , 31.06 , 0.00 , 0.00 , 0.00 , 0.00 , 2.00 , 0.00,07:41:55.325
28.20 , 9.56 , 30.81 , 0.00 , 0.00 , 0.00 , 0.00 , 2.00 , 0.00,07:41:55.362
27.85 , 10.94 , 29.20 , 0.00 , 0.00 , 0.00 , 0.00 , 2.00 , 0.00,07:41:55.402
25.41 , 15.43 , 32.57 , 0.00 , 0.00 , 0.00 , 0.00 , 6.00 , 0.00,07:41:55.463
19.28 , 15.91 , 41.47 , 0.00 , 0.00 , 0.00 , 0.00 , -1.00 , 0.00,07:41:55.499
16.57 , 16.33 , 40.85 , 0.00 , 0.00 , 1.00 , 0.00 , -1.00 , 0.00,07:41:55.536
20.21 , 15.64 , 41.76 , 0.00 , 0.00 , 2.00 , 2.00 , -1.00 , 0.00,07:41:55.570
20.22 , 15.94 , 41.80 , 0.00 , 0.00 , 2.00 , 2.00 , -1.00 , 0.00,07:41:55.603
20.25 , 15.88 , 41.85 , 1.00 , 1.00 , 3.00 , 3.00 , -1.00 , 0.00,07:41:55.642
20.00 , 15.73 , 42.29 , 3.00 , 2.00 , 4.00 , 6.00 , -1.00 , 0.00,07:41:55.675
19.66 , 15.64 , 42.28 , 4.00 , 3.00 , 7.00 , 7.00 , -1.00 , 1.00,07:41:55.715
19.66 , 15.74 , 42.46 , 5.00 , 4.00 , 9.00 , 8.00 , -1.00 , 2.00,07:41:55.745
19.93 , 15.79 , 42.49 , 5.00 , 4.00 , 10.00 , 9.00 , -1.00 , 3.00,07:41:55.779
20.08 , 15.86 , 42.46 , 6.00 , 4.00 , 10.00 , 9.00 , -1.00 , 3.00,07:41:55.815
20.12 , 15.90 , 42.70 , 6.00 , 5.00 , 11.00 , 10.00 , -1.00 , 3.00,07:41:55.851
20.09 , 15.85 , 42.97 , 6.00 , 5.00 , 11.00 , 10.00 , -1.00 , 3.00,07:41:55.886
